Workbook

Sheet Sales budget performance manage
A1: Sales budget performance management
A2: Year 2026
A3: Budget/Results | B3: 46023 | F3: 46054 | J3: 46082 | N3: 46113 | R3: 46143 | V3: 46174 | AA3: =A3 -> Budget/Results | AB3: 46204 | AF3: 46236 | AJ3: 46268 | AN3: 46300 | AR3: 46332 | AV3: 46364 | AZ3: Total
B4: เป้าขาย | C4: คาดการณ์ ยอดขายล่าสุด | D4: Results ขายจริง 31/01/2569 | E4: Relative to budget | F4: เป้าขาย | G4: คาดการณ์ ยอดขายล่าสุด | H4: Results ขายจริง 26/02/2569 | I4: Relative to budget | J4: เป้าขาย | K4: คาดการณ์ ยอดขายล่าสุด | L4: Results ขายจริง31/03/2569 | M4: Relative to budget | N4: เป้าขาย | O4: คาดการณ์ ยอดขายล่าสุด | P4: Results ขายจริง 30/04/2569 | Q4: Relative to budget | R4: เป้าขาย | S4: คาดการณ์ ยอดขายล่าสุด | T4: Results ขายจริง 31/05/2569 | U4: Relative to budget | V4: เป้าขาย | W4: คาดการณ์ ยอดขายล่าสุด | X4: Results ขายจริง 30/06/2569 | Y4: Relative to budget | AB4: เป้าขาย | AC4: คาดการณ์ ยอดขายล่าสุด | AD4: Results ขายจริง 31/07/2569 | AE4: Relative to budget | AF4: เป้าขาย | AG4: คาดการณ์ ยอดขายล่าสุด | AH4: Results ขายจริง 31/08/2569 | AI4: Relative to budget | AJ4: เป้าขาย | AK4: คาดการณ์ ยอดขายล่าสุด | AL4: Results ขายจริง 17/09/2569 | AM4: Relative to budget | AN4: เป้าขาย | AO4: คาดการณ์ ยอดขายล่าสุด | AP4: Results ขายจริง | AQ4: Relative to budget | AR4: เป้าขาย | AS4: คาดการณ์ ยอดขายล่าสุด | AT4: Results ขายจริง | AU4: Relative to budget | AV4: เป้าขาย | AW4: คาดการณ์ ยอดขายล่าสุด | AX4: Results ขายจริง | AY4: Relative to budget | AZ4: เป้าขาย | BA4: คาดการณ์ ยอดขายล่าสุด | BB4: Results ขายจริง | BC4: Relative to budget
A5: Chain Restaurant | E5: =+IFERROR(D5/B5,"----") -> ---- | I5: =+IFERROR(H5/F5,"----") -> ---- | M5: =+IFERROR(L5/J5,"----") -> ---- | Q5: =+IFERROR(P5/N5,"----") -> ---- | U5: =+IFERROR(T5/R5,"----") -> ---- | Y5: =+IFERROR(X5/V5,"----") -> ---- | AA5: Chain Restaurant | AE5: =+IFERROR(AD5/AB5,"----") -> ---- | AI5: =+IFERROR(AH5/AF5,"----") -> ---- | AM5: =+IFERROR(AL5/AJ5,"----") -> ---- | AQ5: =+IFERROR(AP5/AN5,"----") -> ---- | AU5: =+IFERROR(AT5/AR5,"----") -> ---- | AY5: =+IFERROR(AX5/AV5,"----") -> ---- | AZ5: =B5+F5+J5+N5+R5+V5+AB5+AF5+AJ5+AN5+AR5+AV5 -> 0 | BA5: =C5+G5+K5+O5+S5+W5+AC5+AG5+AK5+AO5+AS5+AW5 -> 0 | BB5: =D5+H5+L5+P5+T5+X5+AD5+AH5+AL5+AP5+AT5+AX5 -> 0 | BC5: =+IFERROR(BB5/AZ5,"----") -> ----
A6: Sizzler | B6: 2000000 | C6: 1500000 | D6: 1456000 | E6: =+IFERROR(D6/B6,"----") -> 0.728 | F6: 2000000 | G6: 520000 | H6: 520000 | I6: =+IFERROR(H6/F6,"----") -> 0.26 | J6: 2000000 | K6: 1211250 | L6: 1211250 | M6: =+IFERROR(L6/J6,"----") -> 0.605625 | N6: 2000000 | O6: 912000 | P6: 912000 | Q6: =+IFERROR(P6/N6,"----") -> 0.456 | R6: 2500000 | S6: 700000 | T6: 672000 | U6: =+IFERROR(T6/R6,"----") -> 0.2688 | V6: 2500000 | W6: 1200000 | X6: 1200000 | Y6: =+IFERROR(X6/V6,"----") -> 0.48 | AA6: Sizzler | AB6: 2500000 | AC6: 2278500 | AD6: 2278500 | AE6: =+IFERROR(AD6/AB6,"----") -> 0.9114 | AF6: 2500000 | AG6: 2322000 | AH6: 2322000 | AI6: =+IFERROR(AH6/AF6,"----") -> 0.9288 | AJ6: 2500000 | AK6: 5226677.5 | AL6: 3152750 | AM6: =+IFERROR(AL6/AJ6,"----") -> 1.2611 | AN6: 2500000 | AO6: 3000000 | AQ6: =+IFERROR(AP6/AN6,"----") -> 0 | AR6: 2500000 | AS6: 4000000 | AU6: =+IFERROR(AT6/AR6,"----") -> 0 | AV6: 2500000 | AW6: 5000000 | AY6: =+IFERROR(AX6/AV6,"----") -> 0 | AZ6: =B6+F6+J6+N6+R6+V6+AB6+AF6+AJ6+AN6+AR6+AV6 -> 28000000 | BA6: =C6+G6+K6+O6+S6+W6+AC6+AG6+AK6+AO6+AS6+AW6 -> 27870428 | BB6: =D6+H6+L6+P6+T6+X6+AD6+AH6+AL6+AP6+AT6+AX6 -> 13724500 | BC6: =+IFERROR(BB6/AZ6,"----") -> 0.49016071
A7: Fuji | E7: =+IFERROR(D7/B7,"----") -> ---- | I7: =+IFERROR(H7/F7,"----") -> ---- | M7: =+IFERROR(L7/J7,"----") -> ---- | Q7: =+IFERROR(P7/N7,"----") -> ---- | U7: =+IFERROR(T7/R7,"----") -> ---- | Y7: =+IFERROR(X7/V7,"----") -> ---- | AA7: Fuji | AE7: =+IFERROR(AD7/AB7,"----") -> ---- | AI7: =+IFERROR(AH7/AF7,"----") -> ---- | AM7: =+IFERROR(AL7/AJ7,"----") -> ---- | AQ7: =+IFERROR(AP7/AN7,"----") -> ---- | AU7: =+IFERROR(AT7/AR7,"----") -> ---- | AY7: =+IFERROR(AX7/AV7,"----") -> ---- | AZ7: =B7+F7+J7+N7+R7+V7+AB7+AF7+AJ7+AN7+AR7+AV7 -> 0 | BA7: =C7+G7+K7+O7+S7+W7+AC7+AG7+AK7+AO7+AS7+AW7 -> 0 | BB7: =D7+H7+L7+P7+T7+X7+AD7+AH7+AL7+AP7+AT7+AX7 -> 0 | BC7: =+IFERROR(BB7/AZ7,"----") -> ----
A8: Zen | E8: =+IFERROR(D8/B8,"----") -> ---- | I8: =+IFERROR(H8/F8,"----") -> ---- | M8: =+IFERROR(L8/J8,"----") -> ---- | Q8: =+IFERROR(P8/N8,"----") -> ---- | U8: =+IFERROR(T8/R8,"----") -> ---- | Y8: =+IFERROR(X8/V8,"----") -> ---- | AA8: Zen | AE8: =+IFERROR(AD8/AB8,"----") -> ---- | AI8: =+IFERROR(AH8/AF8,"----") -> ---- | AM8: =+IFERROR(AL8/AJ8,"----") -> ---- | AQ8: =+IFERROR(AP8/AN8,"----") -> ---- | AU8: =+IFERROR(AT8/AR8,"----") -> ---- | AY8: =+IFERROR(AX8/AV8,"----") -> ---- | AZ8: =B8+F8+J8+N8+R8+V8+AB8+AF8+AJ8+AN8+AR8+AV8 -> 0 | BA8: =C8+G8+K8+O8+S8+W8+AC8+AG8+AK8+AO8+AS8+AW8 -> 0 | BB8: =D8+H8+L8+P8+T8+X8+AD8+AH8+AL8+AP8+AT8+AX8 -> 0 | BC8: =+IFERROR(BB8/AZ8,"----") -> ----
A9: ไดกิ | B9: 1000000 | C9: 700000 | D9: 545946.68 | E9: =+IFERROR(D9/B9,"----") -> 0.54594668 | F9: 1000000 | G9: 834794 | H9: 834794 | I9: =+IFERROR(H9/F9,"----") -> 0.834794 | J9: 1000000 | K9: 959690.4 | L9: 959690.4 | M9: =+IFERROR(L9/J9,"----") -> 0.9596904 | N9: 1000000 | O9: 1466560.3 | P9: 1466560.3 | Q9: =+IFERROR(P9/N9,"----") -> 1.4665603 | R9: 1200000 | S9: 2262387.9 | T9: 2262387.9 | U9: =+IFERROR(T9/R9,"----") -> 1.8853232 | V9: 1200000 | W9: 400000 | X9: 404551 | Y9: =+IFERROR(X9/V9,"----") -> 0.33712583 | AA9: ไดกิ | AB9: 1200000 | AC9: 1064000 | AD9: 1064000 | AE9: =+IFERROR(AD9/AB9,"----") -> 0.88666667 | AF9: 1200000 | AG9: 260000 | AH9: 260000 | AI9: =+IFERROR(AH9/AF9,"----") -> 0.21666667 | AJ9: 1200000 | AK9: 788000 | AL9: 584000 | AM9: =+IFERROR(AL9/AJ9,"----") -> 0.48666667 | AN9: 1200000 | AO9: 1000000 | AQ9: =+IFERROR(AP9/AN9,"----") -> 0 | AR9: 1200000 | AS9: 1000000 | AU9: =+IFERROR(AT9/AR9,"----") -> 0 | AV9: 1200000 | AW9: 1000000 | AY9: =+IFERROR(AX9/AV9,"----") -> 0 | AZ9: =B9+F9+J9+N9+R9+V9+AB9+AF9+AJ9+AN9+AR9+AV9 -> 13600000 | BA9: =C9+G9+K9+O9+S9+W9+AC9+AG9+AK9+AO9+AS9+AW9 -> 11735433 | BB9: =D9+H9+L9+P9+T9+X9+AD9+AH9+AL9+AP9+AT9+AX9 -> 8381930.3 | BC9: =+IFERROR(BB9/AZ9,"----") -> 0.6163184
A10: สามเสน | B10: 200000 | C10: 150000 | D10: 187801.65 | E10: =+IFERROR(D10/B10,"----") -> 0.93900825 | F10: 200000 | G10: 154639.35 | H10: 154639.35 | I10: =+IFERROR(H10/F10,"----") -> 0.77319675 | J10: 200000 | K10: 220179.6 | L10: 220179.6 | M10: =+IFERROR(L10/J10,"----") -> 1.100898 | N10: 200000 | O10: 222288.45 | P10: 222288.45 | Q10: =+IFERROR(P10/N10,"----") -> 1.1114422 | R10: 200000 | S10: 215550.05 | T10: 215550.05 | U10: =+IFERROR(T10/R10,"----") -> 1.0777503 | V10: 200000 | W10: 200000 | X10: 178116.1 | Y10: =+IFERROR(X10/V10,"----") -> 0.8905805 | AA10: สามเสน | AB10: 200000 | AC10: 266689.95 | AD10: 266689.95 | AE10: =+IFERROR(AD10/AB10,"----") -> 1.3334497 | AF10: 200000 | AG10: 199917.45 | AH10: 199917.45 | AI10: =+IFERROR(AH10/AF10,"----") -> 0.99958725 | AJ10: 200000 | AK10: 200000 | AL10: 172766.3 | AM10: =+IFERROR(AL10/AJ10,"----") -> 0.8638315 | AN10: 200000 | AO10: 200000 | AQ10: =+IFERROR(AP10/AN10,"----") -> 0 | AR10: 200000 | AS10: 200000 | AU10: =+IFERROR(AT10/AR10,"----") -> 0 | AV10: 200000 | AW10: 200000 | AY10: =+IFERROR(AX10/AV10,"----") -> 0 | AZ10: =B10+F10+J10+N10+R10+V10+AB10+AF10+AJ10+AN10+AR10+AV10 -> 2400000 | BA10: =C10+G10+K10+O10+S10+W10+AC10+AG10+AK10+AO10+AS10+AW10 -> 2429264.8 | BB10: =D10+H10+L10+P10+T10+X10+AD10+AH10+AL10+AP10+AT10+AX10 -> 1817948.9 | BC10: =+IFERROR(BB10/AZ10,"----") -> 0.75747871
A11: เดอะ ฟู๊ดซีเลคชั่น | B11: 150000 | C11: 65088.3 | D11: 65088.3 | E11: =+IFERROR(D11/B11,"----") -> 0.433922 | F11: 50000 | G11: 60288.9 | H11: 60288.9 | I11: =+IFERROR(H11/F11,"----") -> 1.205778 | J11: 50000 | K11: 68457 | L11: 68457 | M11: =+IFERROR(L11/J11,"----") -> 1.36914 | N11: 100000 | O11: 120549.3 | P11: 120549.3 | R11: 50000 | S11: 60157.8 | T11: 60157.8 | U11: =+IFERROR(T11/R11,"----") -> 1.203156 | V11: 50000 | W11: 56378.7 | X11: 56378.7 | AA11: เดอะ ฟู๊ดซีเลคชั่น | AB11: 50000 | AC11: 100000 | AD11: 56709.3 | AE11: =+IFERROR(AD11/AB11,"----") -> 1.134186 | AF11: 50000 | AG11: 61594.2 | AH11: 61594.2 | AI11: =+IFERROR(AH11/AF11,"----") -> 1.231884 | AJ11: 50000 | AN11: 50000 | AO11: 100000 | AQ11: =+IFERROR(AP11/AN11,"----") -> 0 | AR11: 50000 | AS11: 100000 | AU11: =+IFERROR(AT11/AR11,"----") -> 0 | AV11: 50000 | AW11: 100000 | AZ11: =B11+F11+J11+N11+R11+V11+AB11+AF11+AJ11+AN11+AR11+AV11 -> 750000 | BA11: =C11+G11+K11+O11+S11+W11+AC11+AG11+AK11+AO11+AS11+AW11 -> 892514.2 | BB11: =D11+H11+L11+P11+T11+X11+AD11+AH11+AL11+AP11+AT11+AX11 -> 549223.5 | BC11: =+IFERROR(BB11/AZ11,"----") -> 0.732298
A12: ฟู๊ดมี | B12: 150000 | C12: 43443.7 | D12: 43443.7 | E12: =+IFERROR(D12/B12,"----") -> 0.28962467 | F12: 100000 | I12: =+IFERROR(H12/F12,"----") -> 0 | J12: 100000 | K12: 10915 | L12: 10915 | M12: =+IFERROR(L12/J12,"----") -> 0.10915 | N12: 50000 | Q12: =+IFERROR(P12/N12,"----") -> 0 | R12: 100000 | S12: 50000 | T12: 25250 | U12: =+IFERROR(T12/R12,"----") -> 0.2525 | V12: 100000 | W12: 32235 | X12: 32235 | Y12: =+IFERROR(X12/V12,"----") -> 0.32235 | AA12: ฟู๊ดมี | AB12: 100000 | AC12: 31845 | AD12: 31845 | AE12: =+IFERROR(AD12/AB12,"----") -> 0.31845 | AF12: 100000 | AI12: =+IFERROR(AH12/AF12,"----") -> 0 | AJ12: 100000 | AM12: =+IFERROR(AL12/AJ12,"----") -> 0 | AN12: 100000 | AO12: 100000 | AQ12: =+IFERROR(AP12/AN12,"----") -> 0 | AR12: 100000 | AS12: 100000 | AU12: =+IFERROR(AT12/AR12,"----") -> 0 | AV12: 100000 | AW12: 100000 | AY12: =+IFERROR(AX12/AV12,"----") -> 0 | AZ12: =B12+F12+J12+N12+R12+V12+AB12+AF12+AJ12+AN12+AR12+AV12 -> 1200000 | BA12: =C12+G12+K12+O12+S12+W12+AC12+AG12+AK12+AO12+AS12+AW12 -> 468438.7 | BB12: =D12+H12+L12+P12+T12+X12+AD12+AH12+AL12+AP12+AT12+AX12 -> 143688.7 | BC12: =+IFERROR(BB12/AZ12,"----") -> 0.11974058
A13: เมก้ามูฟ | B13: 100000 | C13: 117502 | D13: 117502 | E13: =+IFERROR(D13/B13,"----") -> 1.17502 | F13: 100000 | G13: 98934 | H13: 98934 | I13: =+IFERROR(H13/F13,"----") -> 0.98934 | J13: 100000 | K13: 97878 | L13: 97878 | M13: =+IFERROR(L13/J13,"----") -> 0.97878 | N13: 100000 | O13: 138154.5 | P13: 138154.5 | Q13: =+IFERROR(P13/N13,"----") -> 1.381545 | R13: 100000 | S13: 41426 | T13: 41426 | U13: =+IFERROR(T13/R13,"----") -> 0.41426 | V13: 100000 | W13: 74800 | X13: 74800 | Y13: =+IFERROR(X13/V13,"----") -> 0.748 | AA13: เมก้ามูฟ | AB13: 100000 | AC13: 109637 | AD13: 109637 | AE13: =+IFERROR(AD13/AB13,"----") -> 1.09637 | AF13: 100000 | AG13: 70444 | AH13: 70444 | AI13: =+IFERROR(AH13/AF13,"----") -> 0.70444 | AJ13: 100000 | AK13: 100000 | AL13: 74123.5 | AM13: =+IFERROR(AL13/AJ13,"----") -> 0.741235 | AN13: 100000 | AO13: 100000 | AQ13: =+IFERROR(AP13/AN13,"----") -> 0 | AR13: 100000 | AS13: 100000 | AU13: =+IFERROR(AT13/AR13,"----") -> 0 | AV13: 100000 | AW13: 100000 | AY13: =+IFERROR(AX13/AV13,"----") -> 0 | AZ13: =B13+F13+J13+N13+R13+V13+AB13+AF13+AJ13+AN13+AR13+AV13 -> 1200000 | BA13: =C13+G13+K13+O13+S13+W13+AC13+AG13+AK13+AO13+AS13+AW13 -> 1148775.5 | BB13: =D13+H13+L13+P13+T13+X13+AD13+AH13+AL13+AP13+AT13+AX13 -> 822899 | BC13: =+IFERROR(BB13/AZ13,"----") -> 0.68574917
A14: แกลมเมอรัส | B14: 100000 | E14: =+IFERROR(D14/B14,"----") -> 0 | F14: 150000 | G14: 67002 | H14: 67002 | I14: =+IFERROR(H14/F14,"----") -> 0.44668 | J14: 150000 | K14: 136526 | L14: 136526 | M14: =+IFERROR(L14/J14,"----") -> 0.91017333 | N14: 150000 | Q14: =+IFERROR(P14/N14,"----") -> 0 | R14: 150000 | S14: 150000 | T14: 72520.5 | U14: =+IFERROR(T14/R14,"----") -> 0.48347 | V14: 150000 | Y14: =+IFERROR(X14/V14,"----") -> 0 | AA14: แกลมเมอรัส | AB14: 150000 | AC14: 68646.5 | AD14: 68646.5 | AE14: =+IFERROR(AD14/AB14,"----") -> 0.45764333 | AF14: 150000 | AG14: 68308.5 | AH14: 68308.5 | AI14: =+IFERROR(AH14/AF14,"----") -> 0.45539 | AJ14: 150000 | AM14: =+IFERROR(AL14/AJ14,"----") -> 0 | AN14: 150000 | AO14: 150000 | AQ14: =+IFERROR(AP14/AN14,"----") -> 0 | AR14: 150000 | AS14: 150000 | AU14: =+IFERROR(AT14/AR14,"----") -> 0 | AV14: 150000 | AW14: 150000 | AY14: =+IFERROR(AX14/AV14,"----") -> 0 | AZ14: =B14+F14+J14+N14+R14+V14+AB14+AF14+AJ14+AN14+AR14+AV14 -> 1750000 | BA14: =C14+G14+K14+O14+S14+W14+AC14+AG14+AK14+AO14+AS14+AW14 -> 940483 | BB14: =D14+H14+L14+P14+T14+X14+AD14+AH14+AL14+AP14+AT14+AX14 -> 413003.5 | BC14: =+IFERROR(BB14/AZ14,"----") -> 0.236002
A15: Oishi | E15: =+IFERROR(D15/B15,"----") -> ---- | I15: =+IFERROR(H15/F15,"----") -> ---- | M15: =+IFERROR(L15/J15,"----") -> ---- | Q15: =+IFERROR(P15/N15,"----") -> ---- | U15: =+IFERROR(T15/R15,"----") -> ---- | Y15: =+IFERROR(X15/V15,"----") -> ---- | AA15: Oishi | AE15: =+IFERROR(AD15/AB15,"----") -> ---- | AI15: =+IFERROR(AH15/AF15,"----") -> ---- | AM15: =+IFERROR(AL15/AJ15,"----") -> ---- | AQ15: =+IFERROR(AP15/AN15,"----") -> ---- | AU15: =+IFERROR(AT15/AR15,"----") -> ---- | AY15: =+IFERROR(AX15/AV15,"----") -> ---- | AZ15: =B15+F15+J15+N15+R15+V15+AB15+AF15+AJ15+AN15+AR15+AV15 -> 0 | BA15: =C15+G15+K15+O15+S15+W15+AC15+AG15+AK15+AO15+AS15+AW15 -> 0 | BB15: =D15+H15+L15+P15+T15+X15+AD15+AH15+AL15+AP15+AT15+AX15 -> 0 | BC15: =+IFERROR(BB15/AZ15,"----") -> ----
A16: BNN ตี๋น้อย | E16: =+IFERROR(D16/B16,"----") -> ---- | I16: =+IFERROR(H16/F16,"----") -> ---- | M16: =+IFERROR(L16/J16,"----") -> ---- | Q16: =+IFERROR(P16/N16,"----") -> ---- | U16: =+IFERROR(T16/R16,"----") -> ---- | Y16: =+IFERROR(X16/V16,"----") -> ---- | AA16: BNN ตี๋น้อย | AE16: =+IFERROR(AD16/AB16,"----") -> ---- | AI16: =+IFERROR(AH16/AF16,"----") -> ---- | AM16: =+IFERROR(AL16/AJ16,"----") -> ---- | AQ16: =+IFERROR(AP16/AN16,"----") -> ---- | AU16: =+IFERROR(AT16/AR16,"----") -> ---- | AY16: =+IFERROR(AX16/AV16,"----") -> ---- | AZ16: =B16+F16+J16+N16+R16+V16+AB16+AF16+AJ16+AN16+AR16+AV16 -> 0 | BA16: =C16+G16+K16+O16+S16+W16+AC16+AG16+AK16+AO16+AS16+AW16 -> 0 | BB16: =D16+H16+L16+P16+T16+X16+AD16+AH16+AL16+AP16+AT16+AX16 -> 0 | BC16: =+IFERROR(BB16/AZ16,"----") -> ----
A17: เชสเตอร์ฟู๊ด | B17: 70000 | C17: 70000 | D17: 63210.9 | E17: =+IFERROR(D17/B17,"----") -> 0.90301286 | F17: 70000 | G17: 67957.9 | H17: 67957.9 | I17: =+IFERROR(H17/F17,"----") -> 0.97082714 | J17: 50000 | K17: 67541.8 | L17: 67541.8 | M17: =+IFERROR(L17/J17,"----") -> 1.350836 | N17: 50000 | O17: 84067.3 | P17: 84067.3 | Q17: =+IFERROR(P17/N17,"----") -> 1.681346 | R17: 70000 | S17: 60000 | T17: 59639.6 | U17: =+IFERROR(T17/R17,"----") -> 0.85199429 | V17: 70000 | W17: 126415 | X17: 126415 | Y17: =+IFERROR(X17/V17,"----") -> 1.8059286 | AA17: เชสเตอร์ฟู๊ด | AB17: 70000 | AC17: 75000 | AD17: 75695 | AE17: =+IFERROR(AD17/AB17,"----") -> 1.0813571 | AF17: 70000 | AG17: 108000 | AH17: 108000 | AI17: =+IFERROR(AH17/AF17,"----") -> 1.5428571 | AJ17: 70000 | AK17: 108000 | AL17: 108000 | AM17: =+IFERROR(AL17/AJ17,"----") -> 1.5428571 | AN17: 70000 | AO17: 70000 | AQ17: =+IFERROR(AP17/AN17,"----") -> 0 | AR17: 70000 | AS17: 70000 | AU17: =+IFERROR(AT17/AR17,"----") -> 0 | AV17: 70000 | AW17: 70000 | AY17: =+IFERROR(AX17/AV17,"----") -> 0 | AZ17: =B17+F17+J17+N17+R17+V17+AB17+AF17+AJ17+AN17+AR17+AV17 -> 800000 | BA17: =C17+G17+K17+O17+S17+W17+AC17+AG17+AK17+AO17+AS17+AW17 -> 976982 | BB17: =D17+H17+L17+P17+T17+X17+AD17+AH17+AL17+AP17+AT17+AX17 -> 760527.5 | BC17: =+IFERROR(BB17/AZ17,"----") -> 0.95065937
A18: JCK | E18: =+IFERROR(D18/B18,"----") -> ---- | I18: =+IFERROR(H18/F18,"----") -> ---- | M18: =+IFERROR(L18/J18,"----") -> ---- | Q18: =+IFERROR(P18/N18,"----") -> ---- | U18: =+IFERROR(T18/R18,"----") -> ---- | Y18: =+IFERROR(X18/V18,"----") -> ---- | AA18: JCK | AE18: =+IFERROR(AD18/AB18,"----") -> ---- | AM18: =+IFERROR(AL18/AJ18,"----") -> ---- | AQ18: =+IFERROR(AP18/AN18,"----") -> ---- | AU18: =+IFERROR(AT18/AR18,"----") -> ---- | AY18: =+IFERROR(AX18/AV18,"----") -> ---- | AZ18: =B18+F18+J18+N18+R18+V18+AB18+AF18+AJ18+AN18+AR18+AV18 -> 0 | BA18: =C18+G18+K18+O18+S18+W18+AC18+AG18+AK18+AO18+AS18+AW18 -> 0 | BB18: =D18+H18+L18+P18+T18+X18+AD18+AH18+AL18+AP18+AT18+AX18 -> 0 | BC18: =+IFERROR(BB18/AZ18,"----") -> ----
A19: CRG | B19: 500000 | C19: 50400 | D19: 50400 | E19: =+IFERROR(D19/B19,"----") -> 0.1008 | F19: 500000 | G19: 67200 | H19: 67200 | I19: =+IFERROR(H19/F19,"----") -> 0.1344 | J19: 500000 | K19: 57000 | L19: 57000 | M19: =+IFERROR(L19/J19,"----") -> 0.114 | N19: 500000 | O19: 691080 | P19: 691080 | Q19: =+IFERROR(P19/N19,"----") -> 1.38216 | R19: 500000 | S19: 57000 | T19: 57000 | U19: =+IFERROR(T19/R19,"----") -> 0.114 | V19: 500000 | W19: 117900 | X19: 117900 | Y19: =+IFERROR(X19/V19,"----") -> 0.2358 | AA19: CRG | AB19: 500000 | AC19: 84000 | AD19: 84000 | AE19: =+IFERROR(AD19/AB19,"----") -> 0.168 | AF19: 500000 | AG19: 90000 | AH19: 90000 | AI19: =+IFERROR(AH19/AF19,"----") -> 0.18 | AJ19: 500000 | AK19: 50000 | AM19: =+IFERROR(AL19/AJ19,"----") -> 0 | AN19: 500000 | AO19: 200000 | AQ19: =+IFERROR(AP19/AN19,"----") -> 0 | AR19: 500000 | AS19: 200000 | AU19: =+IFERROR(AT19/AR19,"----") -> 0 | AV19: 500000 | AW19: 200000 | AY19: =+IFERROR(AX19/AV19,"----") -> 0 | AZ19: =B19+F19+J19+N19+R19+V19+AB19+AF19+AJ19+AN19+AR19+AV19 -> 6000000 | BA19: =C19+G19+K19+O19+S19+W19+AC19+AG19+AK19+AO19+AS19+AW19 -> 1864580 | BB19: =D19+H19+L19+P19+T19+X19+AD19+AH19+AL19+AP19+AT19+AX19 -> 1214580 | BC19: =+IFERROR(BB19/AZ19,"----") -> 0.20243
A20: Zaab Eli | B20: 300000 | C20: 200000 | D20: 168918.75 | E20: =+IFERROR(D20/B20,"----") -> 0.5630625 | F20: 300000 | G20: 459112.5 | H20: 459112.5 | I20: =+IFERROR(H20/F20,"----") -> 1.530375 | J20: 300000 | K20: 402672.45 | L20: 402672.45 | M20: =+IFERROR(L20/J20,"----") -> 1.3422415 | N20: 300000 | O20: 564569.9 | P20: 564569.9 | Q20: =+IFERROR(P20/N20,"----") -> 1.8818997 | R20: 300000 | S20: 280350 | T20: 280350 | U20: =+IFERROR(T20/R20,"----") -> 0.9345 | V20: 300000 | W20: 341040 | X20: 341040 | Y20: =+IFERROR(X20/V20,"----") -> 1.1368 | AA20: Zaab Eli | AB20: 300000 | AC20: 509815.2 | AD20: 509815.2 | AF20: 300000 | AG20: 430000 | AH20: 443746.8 | AI20: =+IFERROR(AH20/AF20,"----") -> 1.479156 | AJ20: 300000 | AK20: 300000 | AL20: 202920 | AM20: =+IFERROR(AL20/AJ20,"----") -> 0.6764 | AN20: 300000 | AO20: 300000 | AQ20: =+IFERROR(AP20/AN20,"----") -> 0 | AR20: 300000 | AS20: 300000 | AU20: =+IFERROR(AT20/AR20,"----") -> 0 | AV20: 300000 | AW20: 300000 | AY20: =+IFERROR(AX20/AV20,"----") -> 0 | AZ20: =B20+F20+J20+N20+R20+V20+AB20+AF20+AJ20+AN20+AR20+AV20 -> 3600000 | BA20: =C20+G20+K20+O20+S20+W20+AC20+AG20+AK20+AO20+AS20+AW20 -> 4387560.1 | BB20: =D20+H20+L20+P20+T20+X20+AD20+AH20+AL20+AP20+AT20+AX20 -> 3373145.6 | BC20: =+IFERROR(BB20/AZ20,"----") -> 0.93698489
A21: คำพูน | B21: 200000 | C21: 223195 | D21: 223195 | E21: =+IFERROR(D21/B21,"----") -> 1.115975 | F21: 200000 | G21: 189210 | H21: 189210 | I21: =+IFERROR(H21/F21,"----") -> 0.94605 | J21: 200000 | K21: 264838 | L21: 264838 | M21: =+IFERROR(L21/J21,"----") -> 1.32419 | N21: 200000 | O21: 182273 | P21: 182273 | Q21: =+IFERROR(P21/N21,"----") -> 0.911365 | R21: 200000 | S21: 267659 | T21: 267659 | U21: =+IFERROR(T21/R21,"----") -> 1.338295 | V21: 200000 | W21: 156996.4 | X21: 156996.4 | Y21: =+IFERROR(X21/V21,"----") -> 0.784982 | AA21: other (อีซี่สเต็ก,คิงคอง,ซูกิซิ,เอสบีแอลจี,สีฟ้า,นิกิวาอิ,ราชารส,ชาบูเชน,ชาชิมิ,เดอะฮิโร๊ะ,อีชิลี่,เซ็นทรัล เรสตอรองส์ | AB21: 200000 | AC21: 216591 | AD21: 216591 | AE21: =+IFERROR(AD21/AB21,"----") -> 1.082955 | AF21: 200000 | AG21: 268939.3 | AH21: 268939.3 | AI21: =+IFERROR(AH21/AF21,"----") -> 1.3446965 | AJ21: 200000 | AK21: 280000 | AL21: 167637.2 | AM21: =+IFERROR(AL21/AJ21,"----") -> 0.838186 | AN21: 200000 | AO21: 250000 | AQ21: =+IFERROR(AP21/AN21,"----") -> 0 | AR21: 200000 | AS21: 250000 | AU21: =+IFERROR(AT21/AR21,"----") -> 0 | AV21: 200000 | AW21: 250000 | AY21: =+IFERROR(AX21/AV21,"----") -> 0 | AZ21: =B21+F21+J21+N21+R21+V21+AB21+AF21+AJ21+AN21+AR21+AV21 -> 2400000 | BA21: =C21+G21+K21+O21+S21+W21+AC21+AG21+AK21+AO21+AS21+AW21 -> 2799701.7 | BB21: =D21+H21+L21+P21+T21+X21+AD21+AH21+AL21+AP21+AT21+AX21 -> 1937338.9 | BC21: =+IFERROR(BB21/AZ21,"----") -> 0.80722454
A22: other (อีซี่สเต็ก,คิงคอง,ซูกิซิ,เอสบีแอลจี,สีฟ้า,นิกิวาอิ,ราชารส,ชาบูเชน,ชาชิมิ,เดอะฮิโร๊ะ,,บอนชอน,นิตยาไก่ย่าง,เดอะสเต๊กแอนมอร์,ฉันเรสเตอรองท์,แจลลุกซ์ | B22: 200000 | C22: 49140 | D22: 49140 | E22: =+IFERROR(D22/B22,"----") -> 0.2457 | F22: 150000 | G22: 28800 | H22: 28800 | I22: =+IFERROR(H22/F22,"----") -> 0.192 | J22: 100000 | K22: 28800 | L22: 28800 | M22: =+IFERROR(L22/J22,"----") -> 0.288 | N22: 100000 | O22: 44523 | P22: 44523 | Q22: =+IFERROR(P22/N22,"----") -> 0.44523 | R22: 100000 | U22: =+IFERROR(T22/R22,"----") -> 0 | V22: 100000 | W22: 56817.6 | X22: 56817.6 | Y22: =+IFERROR(X22/V22,"----") -> 0.568176 | AA22: other (อีซี่สเต็ก,คิงคอง,ซูกิซิ,เอสบีแอลจี,สีฟ้า,นิกิวาอิ,ราชารส,ชาบูเชน,ชาชิมิ,เดอะฮิโร๊ะ,อีชิลี่,เซ็นทรัล เรสตอรองส์ | AB22: 100000 | AC22: =375250+486000+16358.4 -> 877608.4 | AD22: =375250+486000+16358.4 -> 877608.4 | AE22: =+IFERROR(AD22/AB22,"----") -> 8.776084 | AF22: 100000 | AG22: 1172624 | AH22: 1172624 | AI22: =+IFERROR(AH22/AF22,"----") -> 11.72624 | AJ22: 100000 | AK22: 1200000 | AL22: 934548.9 | AM22: =+IFERROR(AL22/AJ22,"----") -> 9.345489 | AN22: 100000 | AO22: 500000 | AQ22: =+IFERROR(AP22/AN22,"----") -> 0 | AR22: 100000 | AS22: 500000 | AU22: =+IFERROR(AT22/AR22,"----") -> 0 | AV22: 100000 | AW22: 500000 | AY22: =+IFERROR(AX22/AV22,"----") -> 0 | AZ22: =B22+F22+J22+N22+R22+V22+AB22+AF22+AJ22+AN22+AR22+AV22 -> 1350000 | BA22: =C22+G22+K22+O22+S22+W22+AC22+AG22+AK22+AO22+AS22+AW22 -> 4958313 | BB22: =D22+H22+L22+P22+T22+X22+AD22+AH22+AL22+AP22+AT22+AX22 -> 3192861.9 | BC22: =+IFERROR(BB22/AZ22,"----") -> 2.3650829
A23: Supermarket | E23: =+IFERROR(D23/B23,"----") -> ---- | I23: =+IFERROR(H23/F23,"----") -> ---- | M23: =+IFERROR(L23/J23,"----") -> ---- | Q23: =+IFERROR(P23/N23,"----") -> ---- | U23: =+IFERROR(T23/R23,"----") -> ---- | Y23: =+IFERROR(X23/V23,"----") -> ---- | AA23: Supermarket | AE23: =+IFERROR(AD23/AB23,"----") -> ---- | AI23: =+IFERROR(AH23/AF23,"----") -> ---- | AM23: =+IFERROR(AL23/AJ23,"----") -> ---- | AQ23: =+IFERROR(AP23/AN23,"----") -> ---- | AU23: =+IFERROR(AT23/AR23,"----") -> ---- | AY23: =+IFERROR(AX23/AV23,"----") -> ---- | AZ23: =B23+F23+J23+N23+R23+V23+AB23+AF23+AJ23+AN23+AR23+AV23 -> 0 | BA23: =C23+G23+K23+O23+S23+W23+AC23+AG23+AK23+AO23+AS23+AW23 -> 0 | BB23: =D23+H23+L23+P23+T23+X23+AD23+AH23+AL23+AP23+AT23+AX23 -> 0 | BC23: =+IFERROR(BB23/AZ23,"----") -> ----
A24: Donki | B24: 500000 | C24: 600000 | D24: 649812 | E24: =+IFERROR(D24/B24,"----") -> 1.299624 | F24: 500000 | G24: 492032 | H24: 492032 | I24: =+IFERROR(H24/F24,"----") -> 0.984064 | J24: 400000 | K24: 913455 | L24: 913455 | M24: =+IFERROR(L24/J24,"----") -> 2.2836375 | N24: 400000 | O24: 1028007 | P24: 1028007 | Q24: =+IFERROR(P24/N24,"----") -> 2.5700175 | R24: 500000 | S24: 459340 | T24: 459340 | U24: =+IFERROR(T24/R24,"----") -> 0.91868 | V24: 500000 | W24: 372542 | X24: 372542 | Y24: =+IFERROR(X24/V24,"----") -> 0.745084 | AA24: Donki | AB24: 500000 | AC24: 700000 | AD24: 659202 | AE24: =+IFERROR(AD24/AB24,"----") -> 1.318404 | AF24: 500000 | AG24: 577217 | AH24: 577217 | AI24: =+IFERROR(AH24/AF24,"----") -> 1.154434 | AJ24: 500000 | AK24: 600000 | AL24: 384687 | AM24: =+IFERROR(AL24/AJ24,"----") -> 0.769374 | AN24: 500000 | AO24: 700000 | AQ24: =+IFERROR(AP24/AN24,"----") -> 0 | AR24: 500000 | AS24: 800000 | AU24: =+IFERROR(AT24/AR24,"----") -> 0 | AV24: 500000 | AW24: 1000000 | AY24: =+IFERROR(AX24/AV24,"----") -> 0 | AZ24: =B24+F24+J24+N24+R24+V24+AB24+AF24+AJ24+AN24+AR24+AV24 -> 5800000 | BA24: =C24+G24+K24+O24+S24+W24+AC24+AG24+AK24+AO24+AS24+AW24 -> 8242593 | BB24: =D24+H24+L24+P24+T24+X24+AD24+AH24+AL24+AP24+AT24+AX24 -> 5536294 | BC24: =+IFERROR(BB24/AZ24,"----") -> 0.95453345
A25: Themall | E25: =+IFERROR(D25/B25,"----") -> ---- | I25: =+IFERROR(H25/F25,"----") -> ---- | K25: 14851.05 | L25: 14851.05 | M25: =+IFERROR(L25/J25,"----") -> ---- | O25: 603.45 | P25: 603.45 | Q25: =+IFERROR(P25/N25,"----") -> ---- | R25: 100000 | U25: =+IFERROR(T25/R25,"----") -> 0 | Y25: =+IFERROR(X25/V25,"----") -> ---- | AA25: Themall | AE25: =+IFERROR(AD25/AB25,"----") -> ---- | AI25: =+IFERROR(AH25/AF25,"----") -> ---- | AM25: =+IFERROR(AL25/AJ25,"----") -> ---- | AQ25: =+IFERROR(AP25/AN25,"----") -> ---- | AU25: =+IFERROR(AT25/AR25,"----") -> ---- | AY25: =+IFERROR(AX25/AV25,"----") -> ---- | AZ25: =B25+F25+J25+N25+R25+V25+AB25+AF25+AJ25+AN25+AR25+AV25 -> 100000 | BA25: =C25+G25+K25+O25+S25+W25+AC25+AG25+AK25+AO25+AS25+AW25 -> 15454.5 | BB25: =D25+H25+L25+P25+T25+X25+AD25+AH25+AL25+AP25+AT25+AX25 -> 15454.5 | BC25: =+IFERROR(BB25/AZ25,"----") -> 0.154545
A26: Makro | B26: 3000000 | C26: 2500000 | D26: 2602656.2 | E26: =+IFERROR(D26/B26,"----") -> 0.86755207 | F26: 3000000 | G26: 2151812 | H26: 2151812 | I26: =+IFERROR(H26/F26,"----") -> 0.71727068 | J26: 2000000 | K26: 3712128 | L26: 3712128 | M26: =+IFERROR(L26/J26,"----") -> 1.856064 | N26: 2000000 | O26: 1253592.7 | P26: 1253592.7 | Q26: =+IFERROR(P26/N26,"----") -> 0.62679634 | R26: 2500000 | S26: 1825594.3 | T26: 1825594.3 | U26: =+IFERROR(T26/R26,"----") -> 0.73023771 | V26: 2500000 | W26: 2088902.5 | X26: 2088902.5 | Y26: =+IFERROR(X26/V26,"----") -> 0.835561 | AA26: Makro | AB26: 2500000 | AC26: 2751905 | AD26: 2751905 | AE26: =+IFERROR(AD26/AB26,"----") -> 1.100762 | AF26: 2500000 | AG26: 3026469.8 | AH26: 3026469.8 | AI26: =+IFERROR(AH26/AF26,"----") -> 1.2105879 | AJ26: 2500000 | AK26: 3000000 | AL26: 1410376.4 | AM26: =+IFERROR(AL26/AJ26,"----") -> 0.56415056 | AN26: 2500000 | AO26: 3000000 | AQ26: =+IFERROR(AP26/AN26,"----") -> 0 | AR26: 2500000 | AS26: 3500000 | AU26: =+IFERROR(AT26/AR26,"----") -> 0 | AV26: 2500000 | AW26: 4000000 | AY26: =+IFERROR(AX26/AV26,"----") -> 0 | AZ26: =B26+F26+J26+N26+R26+V26+AB26+AF26+AJ26+AN26+AR26+AV26 -> 30000000 | BA26: =C26+G26+K26+O26+S26+W26+AC26+AG26+AK26+AO26+AS26+AW26 -> 32810404 | BB26: =D26+H26+L26+P26+T26+X26+AD26+AH26+AL26+AP26+AT26+AX26 -> 20823437 | BC26: =+IFERROR(BB26/AZ26,"----") -> 0.69411456
A27: Rimping | B27: 150000 | C27: 128735.45 | D27: 128735.45 | E27: =+IFERROR(D27/B27,"----") -> 0.85823633 | F27: 150000 | G27: 95612.06 | H27: 95612.06 | I27: =+IFERROR(H27/F27,"----") -> 0.63741373 | J27: 150000 | K27: 71436.78 | L27: 71436.78 | M27: =+IFERROR(L27/J27,"----") -> 0.4762452 | N27: 150000 | O27: 46018.33 | P27: 46018.33 | Q27: =+IFERROR(P27/N27,"----") -> 0.30678887 | R27: 150000 | S27: 55836.47 | T27: 55836.47 | U27: =+IFERROR(T27/R27,"----") -> 0.37224313 | V27: 150000 | W27: 50829.07 | X27: 50829.07 | Y27: =+IFERROR(X27/V27,"----") -> 0.33886047 | AA27: Rimping | AB27: 150000 | AC27: 39574.72 | AD27: 39574.72 | AE27: =+IFERROR(AD27/AB27,"----") -> 0.26383147 | AF27: 150000 | AG27: 63017.07 | AH27: 63017.07 | AI27: =+IFERROR(AH27/AF27,"----") -> 0.4201138 | AJ27: 150000 | AK27: 77824.23 | AL27: 77824.23 | AM27: =+IFERROR(AL27/AJ27,"----") -> 0.5188282 | AN27: 150000 | AO27: 100000 | AQ27: =+IFERROR(AP27/AN27,"----") -> 0 | AR27: 150000 | AS27: 100000 | AU27: =+IFERROR(AT27/AR27,"----") -> 0 | AV27: 150000 | AW27: 100000 | AY27: =+IFERROR(AX27/AV27,"----") -> 0 | AZ27: =B27+F27+J27+N27+R27+V27+AB27+AF27+AJ27+AN27+AR27+AV27 -> 1800000 | BA27: =C27+G27+K27+O27+S27+W27+AC27+AG27+AK27+AO27+AS27+AW27 -> 928884.18 | BB27: =D27+H27+L27+P27+T27+X27+AD27+AH27+AL27+AP27+AT27+AX27 -> 628884.18 | BC27: =+IFERROR(BB27/AZ27,"----") -> 0.3493801
A28: Maxvalue | E28: =+IFERROR(D28/B28,"----") -> ---- | I28: =+IFERROR(H28/F28,"----") -> ---- | M28: =+IFERROR(L28/J28,"----") -> ---- | Q28: =+IFERROR(P28/N28,"----") -> ---- | U28: =+IFERROR(T28/R28,"----") -> ---- | Y28: =+IFERROR(X28/V28,"----") -> ---- | AA28: Maxvalue | AE28: =+IFERROR(AD28/AB28,"----") -> ---- | AI28: =+IFERROR(AH28/AF28,"----") -> ---- | AM28: =+IFERROR(AL28/AJ28,"----") -> ---- | AQ28: =+IFERROR(AP28/AN28,"----") -> ---- | AU28: =+IFERROR(AT28/AR28,"----") -> ---- | AY28: =+IFERROR(AX28/AV28,"----") -> ---- | AZ28: =B28+F28+J28+N28+R28+V28+AB28+AF28+AJ28+AN28+AR28+AV28 -> 0 | BA28: =C28+G28+K28+O28+S28+W28+AC28+AG28+AK28+AO28+AS28+AW28 -> 0 | BB28: =D28+H28+L28+P28+T28+X28+AD28+AH28+AL28+AP28+AT28+AX28 -> 0 | BC28: =+IFERROR(BB28/AZ28,"----") -> ----
A29: Central food | E29: =+IFERROR(D29/B29,"----") -> ---- | I29: =+IFERROR(H29/F29,"----") -> ---- | M29: =+IFERROR(L29/J29,"----") -> ---- | Q29: =+IFERROR(P29/N29,"----") -> ---- | U29: =+IFERROR(T29/R29,"----") -> ---- | Y29: =+IFERROR(#REF!/V29,"----") -> ---- | AA29: Central food | AE29: =+IFERROR(AD29/AB29,"----") -> ---- | AI29: =+IFERROR(AH29/AF29,"----") -> ---- | AM29: =+IFERROR(AL29/AJ29,"----") -> ---- | AQ29: =+IFERROR(AP29/AN29,"----") -> ---- | AU29: =+IFERROR(AT29/AR29,"----") -> ---- | AY29: =+IFERROR(AX29/AV29,"----") -> ---- | AZ29: =B29+F29+J29+N29+R29+V29+AB29+AF29+AJ29+AN29+AR29+AV29 -> 0 | BA29: =C29+G29+K29+O29+S29+W29+AC29+AG29+AK29+AO29+AS29+AW29 -> 0 | BB29: =D29+H29+L29+P29+T29+X29+AD29+AH29+AL29+AP29+AT29+AX29 -> 0 | BC29: =+IFERROR(BB29/AZ29,"----") -> ----
A30: Other (เจแวลู,ยูเนี่ยนพี,อาร์พีแอล) | B30: 10000 | C30: 10000 | D30: 3066.23 | E30: =+IFERROR(D30/B30,"----") -> 0.306623 | F30: 10000 | G30: 13877.64 | H30: 13877.64 | I30: =+IFERROR(H30/F30,"----") -> 1.387764 | J30: 10000 | K30: 21623.75 | L30: 21623.75 | M30: =+IFERROR(L30/J30,"----") -> 2.162375 | N30: 10000 | O30: 5610 | P30: 5610 | Q30: =+IFERROR(P30/N30,"----") -> 0.561 | R30: 10000 | S30: 10000 | T30: 5960 | U30: =+IFERROR(T30/R30,"----") -> 0.596 | V30: 10000 | W30: 12796 | X30: 12796 | Y30: =+IFERROR(X29/V30,"----") -> 0 | AA30: Other (เจแวลู,ยูเนี่ยนพี) | AB30: 10000 | AC30: 15000 | AD30: 14964 | AE30: =+IFERROR(AD30/AB30,"----") -> 1.4964 | AF30: 10000 | AG30: 20070 | AH30: 20070 | AI30: =+IFERROR(AH30/AF30,"----") -> 2.007 | AJ30: 10000 | AK30: 20000 | AL30: 10314 | AM30: =+IFERROR(AL30/AJ30,"----") -> 1.0314 | AN30: 10000 | AO30: 10000 | AQ30: =+IFERROR(AP30/AN30,"----") -> 0 | AR30: 10000 | AS30: 10000 | AU30: =+IFERROR(AT30/AR30,"----") -> 0 | AV30: 10000 | AW30: 10000 | AY30: =+IFERROR(AX30/AV30,"----") -> 0 | AZ30: =B30+F30+J30+N30+R30+V30+AB30+AF30+AJ30+AN30+AR30+AV30 -> 120000 | BA30: =C30+G30+K30+O30+S30+W30+AC30+AG30+AK30+AO30+AS30+AW30 -> 158977.39 | BB30: =D30+H30+L30+P30+T30+X30+AD30+AH30+AL30+AP30+AT30+AX30 -> 108281.62 | BC30: =+IFERROR(BB30/AZ30,"----") -> 0.90234683
A31: Agency | E31: =+IFERROR(D31/B31,"----") -> ---- | I31: =+IFERROR(H31/F31,"----") -> ---- | M31: =+IFERROR(L31/J31,"----") -> ---- | Q31: =+IFERROR(P31/N31,"----") -> ---- | U31: =+IFERROR(T31/R31,"----") -> ---- | Y31: =+IFERROR(X31/V31,"----") -> ---- | AA31: Agency | AE31: =+IFERROR(AD31/AB31,"----") -> ---- | AI31: =+IFERROR(AH31/AF31,"----") -> ---- | AM31: =+IFERROR(AL31/AJ31,"----") -> ---- | AQ31: =+IFERROR(AP31/AN31,"----") -> ---- | AU31: =+IFERROR(AT31/AR31,"----") -> ---- | AY31: =+IFERROR(AX31/AV31,"----") -> ---- | AZ31: =B31+F31+J31+N31+R31+V31+AB31+AF31+AJ31+AN31+AR31+AV31 -> 0 | BA31: =C31+G31+K31+O31+S31+W31+AC31+AG31+AK31+AO31+AS31+AW31 -> 0 | BB31: =D31+H31+L31+P31+T31+X31+AD31+AH31+AL31+AP31+AT31+AX31 -> 0 | BC31: =+IFERROR(BB31/AZ31,"----") -> ----
A32: Panfood | B32: 500000 | C32: 181674.1 | D32: 181674.1 | E32: =+IFERROR(D32/B32,"----") -> 0.3633482 | F32: 500000 | G32: 542511.7 | H32: 542511.7 | I32: =+IFERROR(H32/F32,"----") -> 1.0850234 | J32: 500000 | K32: 240663.5 | L32: 240663.5 | M32: =+IFERROR(L32/J32,"----") -> 0.481327 | N32: 500000 | O32: 469387.2 | P32: 469387.2 | Q32: =+IFERROR(P32/N32,"----") -> 0.9387744 | R32: 300000 | S32: 406898.5 | T32: 406898.5 | U32: =+IFERROR(T32/R32,"----") -> 1.3563283 | V32: 300000 | W32: 44574 | X32: 44574 | Y32: =+IFERROR(X32/V32,"----") -> 0.14858 | AA32: Panfood | AB32: 300000 | AC32: 422701.7 | AD32: 422701.7 | AE32: =+IFERROR(AD32/AB32,"----") -> 1.4090057 | AF32: 300000 | AG32: 398179.4 | AH32: 398179.4 | AI32: =+IFERROR(AH32/AF32,"----") -> 1.3272647 | AJ32: 300000 | AK32: 400000 | AM32: =+IFERROR(AL32/AJ32,"----") -> 0 | AN32: 300000 | AO32: 400000 | AQ32: =+IFERROR(AP32/AN32,"----") -> 0 | AR32: 300000 | AS32: 400000 | AU32: =+IFERROR(AT32/AR32,"----") -> 0 | AV32: 300000 | AW32: 400000 | AY32: =+IFERROR(AX32/AV32,"----") -> 0 | AZ32: =B32+F32+J32+N32+R32+V32+AB32+AF32+AJ32+AN32+AR32+AV32 -> 4400000 | BA32: =C32+G32+K32+O32+S32+W32+AC32+AG32+AK32+AO32+AS32+AW32 -> 4306590.1 | BB32: =D32+H32+L32+P32+T32+X32+AD32+AH32+AL32+AP32+AT32+AX32 -> 2706590.1 | BC32: =+IFERROR(BB32/AZ32,"----") -> 0.61513411
A33: Siam Food | E33: =+IFERROR(D33/B33,"----") -> ---- | I33: =+IFERROR(H33/F33,"----") -> ---- | M33: =+IFERROR(L33/J33,"----") -> ---- | Q33: =+IFERROR(P33/N33,"----") -> ---- | U33: =+IFERROR(T33/R33,"----") -> ---- | Y33: =+IFERROR(X33/V33,"----") -> ---- | AA33: Siam Food | AE33: =+IFERROR(AD33/AB33,"----") -> ---- | AI33: =+IFERROR(AH33/AF33,"----") -> ---- | AM33: =+IFERROR(AL33/AJ33,"----") -> ---- | AQ33: =+IFERROR(AP33/AN33,"----") -> ---- | AU33: =+IFERROR(AT33/AR33,"----") -> ---- | AY33: =+IFERROR(AX33/AV33,"----") -> ---- | AZ33: =B33+F33+J33+N33+R33+V33+AB33+AF33+AJ33+AN33+AR33+AV33 -> 0 | BA33: =C33+G33+K33+O33+S33+W33+AC33+AG33+AK33+AO33+AS33+AW33 -> 0 | BB33: =D33+H33+L33+P33+T33+X33+AD33+AH33+AL33+AP33+AT33+AX33 -> 0 | BC33: =+IFERROR(BB33/AZ33,"----") -> ----
A34: C.T.I. | B34: 500000 | C34: 380000 | D34: 374584.4 | E34: =+IFERROR(D34/B34,"----") -> 0.7491688 | F34: 500000 | G34: 719513.2 | H34: 719513.2 | I34: =+IFERROR(H34/F34,"----") -> 1.4390264 | J34: 500000 | K34: 788304 | L34: 788304 | M34: =+IFERROR(L34/J34,"----") -> 1.576608 | N34: 500000 | O34: 673552.4 | P34: 673552.4 | Q34: =+IFERROR(P34/N34,"----") -> 1.3471048 | R34: 500000 | S34: 309774 | T34: 309774 | U34: =+IFERROR(T34/R34,"----") -> 0.619548 | V34: 500000 | W34: 600000 | X34: 547572 | Y34: =+IFERROR(X34/V34,"----") -> 1.095144 | AA34: C.T.I. | AB34: 500000 | AC34: 700000 | AD34: 678708 | AE34: =+IFERROR(AD34/AB34,"----") -> 1.357416 | AF34: 500000 | AG34: 856507.6 | AH34: 856507.6 | AI34: =+IFERROR(AH34/AF34,"----") -> 1.7130152 | AJ34: 500000 | AK34: 600000 | AM34: =+IFERROR(AL34/AJ34,"----") -> 0 | AN34: 500000 | AO34: 700000 | AQ34: =+IFERROR(AP34/AN34,"----") -> 0 | AR34: 500000 | AS34: 800000 | AU34: =+IFERROR(AT34/AR34,"----") -> 0 | AV34: 500000 | AW34: 800000 | AY34: =+IFERROR(AX34/AV34,"----") -> 0 | AZ34: =B34+F34+J34+N34+R34+V34+AB34+AF34+AJ34+AN34+AR34+AV34 -> 6000000 | BA34: =C34+G34+K34+O34+S34+W34+AC34+AG34+AK34+AO34+AS34+AW34 -> 7927651.2 | BB34: =D34+H34+L34+P34+T34+X34+AD34+AH34+AL34+AP34+AT34+AX34 -> 4948515.6 | BC34: =+IFERROR(BB34/AZ34,"----") -> 0.8247526
A35: KK &K | E35: =+IFERROR(D35/B35,"----") -> ---- | I35: =+IFERROR(H35/F35,"----") -> ---- | M35: =+IFERROR(L35/J35,"----") -> ---- | Q35: =+IFERROR(P35/N35,"----") -> ---- | U35: =+IFERROR(#REF!/R35,"----") -> ---- | Y35: =+IFERROR(X35/V35,"----") -> ---- | AA35: KK &K | AE35: =+IFERROR(AD35/AB35,"----") -> ---- | AI35: =+IFERROR(AH35/AF35,"----") -> ---- | AM35: =+IFERROR(AL35/AJ35,"----") -> ---- | AQ35: =+IFERROR(AP35/AN35,"----") -> ---- | AU35: =+IFERROR(AT35/AR35,"----") -> ---- | AY35: =+IFERROR(AX35/AV35,"----") -> ---- | AZ35: =B35+F35+J35+N35+R35+V35+AB35+AF35+AJ35+AN35+AR35+AV35 -> 0 | BA35: =C35+G35+K35+O35+S35+W35+AC35+AG35+AK35+AO35+AS35+AW35 -> 0 | BB35: =D35+H35+L35+P35+T35+X35+AD35+AH35+AL35+AP35+AT35+AX35 -> 0 | BC35: =+IFERROR(BB35/AZ35,"----") -> ----
A36: รสดีเด็ด | B36: 100000 | C36: 63204 | D36: 63204 | E36: =+IFERROR(D36/B36,"----") -> 0.63204 | F36: 100000 | G36: 120048.5 | H36: 120048.5 | I36: =+IFERROR(H36/F36,"----") -> 1.200485 | J36: 100000 | K36: 69115 | L36: 69115 | M36: =+IFERROR(L36/J36,"----") -> 0.69115 | N36: 100000 | O36: 66228.5 | P36: 66228.5 | Q36: =+IFERROR(P36/N36,"----") -> 0.662285 | R36: 100000 | S36: 129628 | T36: 129628 | U36: =+IFERROR(T35/R36,"----") -> 0 | V36: 100000 | W36: 70138.5 | X36: 70138.5 | Y36: =+IFERROR(X36/V36,"----") -> 0.701385 | AA36: รสดีเด็ด | AB36: 100000 | AC36: 139874.5 | AD36: 139874.5 | AE36: =+IFERROR(AD36/AB36,"----") -> 1.398745 | AF36: 100000 | AG36: 69989 | AH36: 69989 | AI36: =+IFERROR(AH36/AF36,"----") -> 0.69989 | AJ36: 100000 | AK36: 100000 | AL36: 70219 | AM36: =+IFERROR(AL36/AJ36,"----") -> 0.70219 | AN36: 100000 | AO36: 100000 | AQ36: =+IFERROR(AP36/AN36,"----") -> 0 | AR36: 100000 | AS36: 100000 | AU36: =+IFERROR(AT36/AR36,"----") -> 0 | AV36: 100000 | AW36: 100000 | AY36: =+IFERROR(AX36/AV36,"----") -> 0 | AZ36: =B36+F36+J36+N36+R36+V36+AB36+AF36+AJ36+AN36+AR36+AV36 -> 1200000 | BA36: =C36+G36+K36+O36+S36+W36+AC36+AG36+AK36+AO36+AS36+AW36 -> 1128226 | BB36: =D36+H36+L36+P36+T35+X36+AD36+AH36+AL36+AP36+AT36+AX36 -> 668817 | BC36: =+IFERROR(BB36/AZ36,"----") -> 0.5573475
A37: จาโกต้า | E37: =+IFERROR(D37/B37,"----") -> ---- | I37: =+IFERROR(H37/F37,"----") -> ---- | M37: =+IFERROR(L37/J37,"----") -> ---- | Q37: =+IFERROR(P37/N37,"----") -> ---- | U37: =+IFERROR(T37/R37,"----") -> ---- | Y37: =+IFERROR(X37/V37,"----") -> ---- | AA37: จาโกต้า | AE37: =+IFERROR(AD37/AB37,"----") -> ---- | AI37: =+IFERROR(AH37/AF37,"----") -> ---- | AM37: =+IFERROR(AL37/AJ37,"----") -> ---- | AQ37: =+IFERROR(AP37/AN37,"----") -> ---- | AU37: =+IFERROR(AT37/AR37,"----") -> ---- | AY37: =+IFERROR(AX37/AV37,"----") -> ---- | AZ37: =B37+F37+J37+N37+R37+V37+AB38+AF37+AJ37+AN37+AR37+AV37 -> 300000 | BA37: =C37+G37+K37+O37+S37+W37+AC37+AG37+AK37+AO37+AS37+AW37 -> 0 | BB37: =D37+H37+L37+P37+T37+X37+AD37+AH37+AL37+AP37+AT37+AX37 -> 0 | BC37: =+IFERROR(BB37/AZ37,"----") -> 0
A38: สยามสมุทรวาริน | B38: 300000 | C38: 300000 | D38: 286785.4 | E38: =+IFERROR(D38/B38,"----") -> 0.95595133 | F38: 300000 | G38: 178833.7 | H38: 178833.7 | I38: =+IFERROR(H38/F38,"----") -> 0.59611233 | J38: 200000 | K38: 175301.8 | L38: 175301.8 | M38: =+IFERROR(L38/J38,"----") -> 0.876509 | N38: 200000 | O38: 249892.6 | P38: 249892.6 | Q38: =+IFERROR(P38/N38,"----") -> 1.249463 | R38: 300000 | S38: 324330.9 | T38: 324330.9 | U38: =+IFERROR(T38/R38,"----") -> 1.081103 | V38: 300000 | W38: 373545.7 | X38: 373545.7 | Y38: =+IFERROR(X38/V38,"----") -> 1.2451523 | AA38: สยามสมุทรวาริน | AB38: 300000 | AC38: 70000 | AD38: 64753.35 | AE38: =+IFERROR(AD38/AB38,"----") -> 0.2158445 | AF38: 300000 | AG38: 323280.9 | AH38: 323280.9 | AI38: =+IFERROR(AH38/AF38,"----") -> 1.077603 | AJ38: 300000 | AK38: 260501.7 | AL38: 260501.7 | AM38: =+IFERROR(AL38/AJ38,"----") -> 0.868339 | AN38: 300000 | AO38: 250000 | AQ38: =+IFERROR(AP38/AN38,"----") -> 0 | AR38: 300000 | AS38: 250000 | AU38: =+IFERROR(AT38/AR38,"----") -> 0 | AV38: 300000 | AW38: 250000 | AY38: =+IFERROR(AX38/AV38,"----") -> 0 | AZ38: =B38+F38+J38+N38+R38+V38+AB39+AF38+AJ38+AN38+AR38+AV38 -> 3130000 | BA38: =C38+G38+K38+O38+S38+W38+AC38+AG38+AK38+AO38+AS38+AW38 -> 3005687.3 | BB38: =D38+H38+L38+P38+T38+X38+AD38+AH38+AL38+AP38+AT38+AX38 -> 2237226.1 | BC38: =+IFERROR(BB38/AZ38,"----") -> 0.71476871
A39: ฟู๊ดคลาสสิค | E39: =+IFERROR(D39/B39,"----") -> ---- | G39: 13984 | H39: 13984 | I39: =+IFERROR(H39/F39,"----") -> ---- | J39: 30000 | M39: =+IFERROR(L39/J39,"----") -> 0 | N39: 30000 | O39: 12320 | P39: 12320 | Q39: =+IFERROR(P39/N39,"----") -> 0.41066667 | R39: 30000 | U39: =+IFERROR(T39/R39,"----") -> 0 | V39: 30000 | Y39: =+IFERROR(X39/V39,"----") -> 0 | AA39: ฟู๊ดคลาสสิค | AB39: 30000 | AE39: =+IFERROR(AD39/AB39,"----") -> 0 | AF39: 30000 | AI39: =+IFERROR(AH39/AF39,"----") -> 0 | AJ39: 30000 | AM39: =+IFERROR(AL39/AJ39,"----") -> 0 | AN39: 30000 | AQ39: =+IFERROR(AP39/AN39,"----") -> 0 | AR39: 30000 | AU39: =+IFERROR(AT39/AR39,"----") -> 0 | AV39: 30000 | AY39: =+IFERROR(AX39/AV39,"----") -> 0 | AZ39: =B39+F39+J39+N39+R39+V39+AB39+AF39+AJ39+AN39+AR39+AV39 -> 300000 | BA39: =C39+G39+K39+O39+S39+W39+AC39+AG39+AK39+AO39+AS39+AW39 -> 26304 | BB39: =D39+H39+L39+P39+T39+X39+AD39+AH39+AL39+AP39+AT39+AX39 -> 26304 | BC39: =+IFERROR(BB39/AZ39,"----") -> 0.08768
A40: 786 ฮาลาล | B40: 300000 | C40: 245922.6 | D40: 366226.2 | E40: =+IFERROR(D40/B40,"----") -> 1.220754 | F40: 300000 | G40: 69518.8 | H40: 69518.8 | I40: =+IFERROR(H40/F40,"----") -> 0.23172933 | J40: 300000 | K40: 583510.55 | L40: 583510.55 | M40: =+IFERROR(L40/J40,"----") -> 1.9450352 | N40: 300000 | O40: 177241.25 | P40: 177241.25 | Q40: =+IFERROR(P40/N40,"----") -> 0.59080417 | R40: 300000 | S40: 194903.2 | T40: 194903.2 | U40: =+IFERROR(T40/R40,"----") -> 0.64967733 | V40: 300000 | W40: 280765.95 | X40: 280765.95 | Y40: =+IFERROR(X40/V40,"----") -> 0.9358865 | AA40: 786 ฮาลาล | AB40: 300000 | AC40: 200000 | AD40: 192457.35 | AE40: =+IFERROR(AD40/AB40,"----") -> 0.6415245 | AF40: 300000 | AG40: 241953.1 | AH40: 241953.1 | AI40: =+IFERROR(AH40/AF40,"----") -> 0.80651033 | AJ40: 300000 | AK40: 166957.55 | AL40: 166957.55 | AM40: =+IFERROR(AL40/AJ40,"----") -> 0.55652517 | AN40: 300000 | AO40: 300000 | AQ40: =+IFERROR(AP40/AN40,"----") -> 0 | AR40: 300000 | AS40: 300000 | AU40: =+IFERROR(AT40/AR40,"----") -> 0 | AV40: 300000 | AW40: 300000 | AY40: =+IFERROR(AX40/AV40,"----") -> 0 | AZ40: =B40+F40+J40+N40+R40+V40+AB40+AF40+AJ40+AN40+AR40+AV40 -> 3600000 | BA40: =C40+G40+K40+O40+S40+W40+AC40+AG40+AK40+AO40+AS40+AW40 -> 3060773 | BB40: =D40+H40+L40+P40+T40+X40+AD40+AH40+AL40+AP40+AT40+AX40 -> 2273533.9 | BC40: =+IFERROR(BB40/AZ40,"----") -> 0.63153721
A41: เอกพจน์ (เคทีอาร์) | B41: 300000 | C41: 555084 | D41: 555084 | E41: =+IFERROR(D41/B41,"----") -> 1.85028 | F41: 300000 | G41: 370656 | H41: 370656 | I41: =+IFERROR(H41/F41,"----") -> 1.23552 | J41: 300000 | K41: 299125.7 | L41: 299125.7 | M41: =+IFERROR(L41/J41,"----") -> 0.99708567 | N41: 300000 | O41: 594030 | P41: 594030 | Q41: =+IFERROR(P41/N41,"----") -> 1.9801 | R41: 300000 | S41: 525257.4 | T41: 525257.4 | U41: =+IFERROR(T41/R41,"----") -> 1.750858 | V41: 300000 | W41: 300000 | X41: 297360 | Y41: =+IFERROR(X41/V41,"----") -> 0.9912 | AA41: เอกพจน์ | AB41: 300000 | AC41: 701393.1 | AD41: 701393.1 | AE41: =+IFERROR(AD41/AB41,"----") -> 2.337977 | AF41: 300000 | AG41: 597678 | AH41: 596178 | AI41: =+IFERROR(AH41/AF41,"----") -> 1.98726 | AJ41: 300000 | AM41: =+IFERROR(AL41/AJ41,"----") -> 0 | AN41: 300000 | AO41: 300000 | AQ41: =+IFERROR(AP41/AN41,"----") -> 0 | AR41: 300000 | AS41: 300000 | AU41: =+IFERROR(AT41/AR41,"----") -> 0 | AV41: 300000 | AW41: 300000 | AY41: =+IFERROR(AX41/AV41,"----") -> 0 | AZ41: =B41+F41+J41+N41+R41+V41+AB41+AF41+AJ41+AN41+AR41+AV41 -> 3600000 | BA41: =C41+G41+K41+O41+S41+W41+AC41+AG41+AK41+AO41+AS41+AW41 -> 4843224.2 | BB41: =D41+H41+L41+P41+T41+X41+AD41+AH41+AL41+AP41+AT41+AX41 -> 3939084.2 | BC41: =+IFERROR(BB41/AZ41,"----") -> 1.0941901
A42: แจลลุกซ์ | E42: =+IFERROR(D42/B42,"----") -> ---- | I42: =+IFERROR(H42/F42,"----") -> ---- | M42: =+IFERROR(L42/J42,"----") -> ---- | Q42: =+IFERROR(P42/N42,"----") -> ---- | U42: =+IFERROR(T42/R42,"----") -> ---- | Y42: =+IFERROR(X42/V42,"----") -> ---- | AA42: แจลลุกซ์ | AC42: 100000 | AD42: 89210.5 | AE42: =+IFERROR(AD42/AB42,"----") -> ---- | AG42: 107012.4 | AH42: 107012.4 | AI42: =+IFERROR(AH42/AF42,"----") -> ---- | AM42: =+IFERROR(AL42/AJ42,"----") -> ---- | AQ42: =+IFERROR(AP42/AN42,"----") -> ---- | AU42: =+IFERROR(AT42/AR42,"----") -> ---- | AY42: =+IFERROR(AX42/AV42,"----") -> ---- | AZ42: =B42+F42+J42+N42+R42+V42+AB42+AF42+AJ42+AN42+AR42+AV42 -> 0 | BA42: =C42+G42+K42+O42+S42+W42+AC42+AG42+AK42+AO42+AS42+AW42 -> 207012.4 | BB42: =D42+H42+L42+P42+T42+X42+AD42+AH42+AL42+AP42+AT42+AX42 -> 196222.9 | BC42: =+IFERROR(BB42/AZ42,"----") -> ----
A43: เอบิซึ | B43: 200000 | C43: 103493.95 | D43: 103493.95 | E43: =+IFERROR(D43/B43,"----") -> 0.51746975 | F43: 200000 | I43: =+IFERROR(H43/F43,"----") -> 0 | J43: 200000 | M43: =+IFERROR(L43/J43,"----") -> 0 | N43: 200000 | O43: 99425.9 | P43: 99425.9 | Q43: =+IFERROR(P43/N43,"----") -> 0.4971295 | R43: 200000 | U43: =+IFERROR(T43/R43,"----") -> 0 | V43: 200000 | Y43: =+IFERROR(X43/V43,"----") -> 0 | AA43: เอบีซึ | AB43: 200000 | AC43: 100903.4 | AD43: 100903.4 | AE43: =+IFERROR(AD43/AB43,"----") -> 0.504517 | AF43: 200000 | AI43: =+IFERROR(AH43/AF43,"----") -> 0 | AJ43: 200000 | AM43: =+IFERROR(AL43/AJ43,"----") -> 0 | AN43: 200000 | AO43: 100000 | AQ43: =+IFERROR(AP43/AN43,"----") -> 0 | AR43: 200000 | AS43: 100000 | AU43: =+IFERROR(AT43/AR43,"----") -> 0 | AV43: 200000 | AW43: 100000 | AY43: =+IFERROR(AX43/AV43,"----") -> 0 | AZ43: =B43+F43+J43+N43+R43+V43+AB43+AF43+AJ43+AN43+AR43+AV43 -> 2400000 | BA43: =C43+G43+K43+O43+S43+W43+AC43+AG43+AK43+AO43+AS43+AW43 -> 603823.25 | BB43: =D43+H43+L43+P43+T43+X43+AD43+AH43+AL43+AP43+AT43+AX43 -> 303823.25 | BC43: =+IFERROR(BB43/AZ43,"----") -> 0.12659302
A44: other (บีฟบราเทอร์,เดอะพีแอลเคเจ,อังคณา,โตโยต้าทูโช่,โดโบกุ,เดอะฟู๊ดเวิร์ค,สุภัทรีย์) ประกอบบีฟ, เอ.ซี.ควอลิตี้ฟู้ด,พรีเมียร์,โลคุสต้า,ลิตเติล | B44: 2000000 | C44: 2000000 | D44: 1958220.3 | E44: =+IFERROR(D44/B44,"----") -> 0.97911013 | F44: 500000 | G44: 500296.05 | H44: 500296.05 | I44: =+IFERROR(H44/F44,"----") -> 1.0005921 | J44: 500000 | K44: 371313.25 | L44: 371313.25 | M44: =+IFERROR(L44/J44,"----") -> 0.7426265 | N44: 1000000 | O44: 234340.25 | P44: 234340.25 | Q44: =+IFERROR(P44/N44,"----") -> 0.23434025 | R44: 100000 | S44: 200000 | T44: 167648.2 | U44: =+IFERROR(T44/R44,"----") -> 1.676482 | V44: 100000 | W44: 255890 | X44: 255890 | Y44: =+IFERROR(X44/V44,"----") -> 2.5589 | AA44: other (บีฟบราเทอร์,เดอะพีเคแอลเจ,อังคณา,โตโยต้าทูโช่,โดโบกุ,เดอะฟู๊ดเวิร์ค,สุภัทรีย์) ประกอบบีฟ, เอ.ซี.ควอลิตี้ฟู้ด,พรีเมียร์ | AB44: 100000 | AC44: =194053.4-59053.4 -> 135000 | AD44: =194053.4-59053.4 -> 135000 | AE44: =+IFERROR(AD44/AB44,"----") -> 1.35 | AF44: 100000 | AG44: 206000.35 | AH44: 206000.35 | AI44: =+IFERROR(AH44/AF44,"----") -> 2.0600035 | AJ44: 100000 | AK44: 2000000 | AL44: 1977840.5 | AM44: =+IFERROR(AL44/AJ44,"----") -> 19.778405 | AN44: 100000 | AO44: 300000 | AQ44: =+IFERROR(AP44/AN44,"----") -> 0 | AR44: 100000 | AS44: 300000 | AU44: =+IFERROR(AT44/AR44,"----") -> 0 | AV44: 100000 | AW44: 300000 | AY44: =+IFERROR(AX44/AV44,"----") -> 0 | AZ44: =B44+F44+J44+N44+R44+V44+AB44+AF44+AJ44+AN44+AR44+AV44 -> 4800000 | BA44: =C44+G44+K44+O44+S44+W44+AC44+AG44+AK44+AO44+AS44+AW44 -> 6802839.9 | BB44: =D44+H44+L44+P44+T44+X44+AD44+AH44+AL44+AP44+AT44+AX44 -> 5806548.9 | BC44: =+IFERROR(BB44/AZ44,"----") -> 1.2096977
A45: Agency ในเครือ (กิติ์,ฟู๊ดเฮฟเว่น,ขันเนื้อ,nikuya,บีฟแคทอรี่) | B45: 500000 | C45: 606196.19 | D45: 606196.19 | E45: =+IFERROR(D45/B45,"----") -> 1.2123924 | F45: 500000 | G45: 719115.23 | H45: 719115.23 | I45: =+IFERROR(H45/F45,"----") -> 1.4382305 | J45: 500000 | K45: 870534.71 | L45: 870534.71 | M45: =+IFERROR(L45/J45,"----") -> 1.7410694 | N45: 500000 | O45: 620733.07 | P45: 620733.07 | Q45: =+IFERROR(P45/N45,"----") -> 1.2414661 | R45: 500000 | S45: 625892.77 | T45: 625892.77 | U45: =+IFERROR(T45/R45,"----") -> 1.2517855 | V45: 500000 | W45: 1125691.5 | X45: 1125691.5 | Y45: =+IFERROR(X45/V45,"----") -> 2.251383 | AA45: Agency ในเครือ (กิติ์,ฟู๊ดเฮฟเว่น,ขันเนื้อ,nikuya,บีฟแคทอรี่) | AB45: 500000 | AC45: 1007678.6 | AD45: 1007678.6 | AE45: =+IFERROR(AD45/AB45,"----") -> 2.0153571 | AF45: 500000 | AG45: 750471.16 | AH45: 750641.16 | AI45: =+IFERROR(AH45/AF45,"----") -> 1.5012823 | AJ45: 500000 | AK45: 900000 | AL45: 697154.96 | AM45: =+IFERROR(AL45/AJ45,"----") -> 1.3943099 | AN45: 500000 | AO45: 600000 | AQ45: =+IFERROR(AP45/AN45,"----") -> 0 | AR45: 500000 | AS45: 600000 | AU45: =+IFERROR(AT45/AR45,"----") -> 0 | AV45: 500000 | AW45: 600000 | AY45: =+IFERROR(AX45/AV45,"----") -> 0 | AZ45: =B45+F45+J45+N45+R45+V45+AB45+AF45+AJ45+AN45+AR45+AV45 -> 6000000 | BA45: =C45+G45+K45+O45+S45+W45+AC45+AG45+AK45+AO45+AS45+AW45 -> 9026313.2 | BB45: =D45+H45+L45+P45+T45+X45+AD45+AH45+AL45+AP45+AT45+AX45 -> 7023638.2 | BC45: =+IFERROR(BB45/AZ45,"----") -> 1.1706064
A46: Restaurant | E46: =+IFERROR(D46/B46,"----") -> ---- | I46: =+IFERROR(H46/F46,"----") -> ---- | M46: =+IFERROR(L46/J46,"----") -> ---- | Q46: =+IFERROR(P46/N46,"----") -> ---- | U46: =+IFERROR(T46/R46,"----") -> ---- | Y46: =+IFERROR(X46/V46,"----") -> ---- | AA46: Restaurant | AE46: =+IFERROR(AD46/AB46,"----") -> ---- | AI46: =+IFERROR(AH46/AF46,"----") -> ---- | AM46: =+IFERROR(AL46/AJ46,"----") -> ---- | AQ46: =+IFERROR(AP46/AN46,"----") -> ---- | AU46: =+IFERROR(AT46/AR46,"----") -> ---- | AY46: =+IFERROR(AX46/AV46,"----") -> ---- | AZ46: =B46+F46+J46+N46+R46+V46+AB46+AF46+AJ46+AN46+AR46+AV46 -> 0 | BA46: =C46+G46+K46+O46+S46+W46+AC46+AG46+AK46+AO46+AS46+AW46 -> 0 | BB46: =D46+H46+L46+P46+T46+X46+AD46+AH46+AL46+AP46+AT46+AX46 -> 0 | BC46: =+IFERROR(BB46/AZ46,"----") -> ----
A47: แองเคอร์ | B47: 300000 | C47: 66989 | D47: 66989 | E47: =+IFERROR(D47/B47,"----") -> 0.22329667 | F47: 300000 | G47: 166322 | H47: 166322 | I47: =+IFERROR(H47/F47,"----") -> 0.55440667 | J47: 300000 | K47: 99092.5 | L47: 99092.5 | M47: =+IFERROR(L47/J47,"----") -> 0.33030833 | N47: 300000 | Q47: =+IFERROR(P47/N47,"----") -> 0 | R47: 300000 | U47: =+IFERROR(T47/R47,"----") -> 0 | V47: 300000 | Y47: =+IFERROR(X47/V47,"----") -> 0 | AA47: เพิ่มพลัง | AB47: 300000 | AE47: =+IFERROR(AD47/AB47,"----") -> 0 | AF47: 300000 | AI47: =+IFERROR(AH47/AF47,"----") -> 0 | AJ47: 300000 | AM47: =+IFERROR(AL47/AJ47,"----") -> 0 | AN47: 300000 | AQ47: =+IFERROR(AP47/AN47,"----") -> 0 | AR47: 300000 | AU47: =+IFERROR(AT47/AR47,"----") -> 0 | AV47: 300000 | AY47: =+IFERROR(AX47/AV47,"----") -> 0 | AZ47: =B47+F47+J47+N47+R47+V47+AB47+AF47+AJ47+AN47+AR47+AV47 -> 3600000 | BA47: =C47+G47+K47+O47+S47+W47+AC47+AG47+AK47+AO47+AS47+AW47 -> 332403.5 | BB47: =D47+H47+L47+P47+T47+X47+AD47+AH47+AL47+AP47+AT47+AX47 -> 332403.5 | BC47: =+IFERROR(BB47/AZ47,"----") -> 0.092334306
A48: เพิ่มพลัง | B48: 50000 | C48: 50000 | D48: 32153.55 | E48: =+IFERROR(D48/B48,"----") -> 0.643071 | F48: 50000 | G48: 59733.2 | H48: 59733.2 | I48: =+IFERROR(H48/F48,"----") -> 1.194664 | J48: 100000 | K48: 50112.5 | L48: 50112.5 | M48: =+IFERROR(L48/J48,"----") -> 0.501125 | N48: 100000 | O48: 10217.35 | P48: 10217.35 | Q48: =+IFERROR(P48/N48,"----") -> 0.1021735 | U48: =+IFERROR(T48/R48,"----") -> ---- | Y48: =+IFERROR(X48/V48,"----") -> ---- | AA48: เพิ่มพลัง | AE48: =+IFERROR(AD48/AB48,"----") -> ---- | AI48: =+IFERROR(AH48/AF48,"----") -> ---- | AM48: =+IFERROR(AL48/AJ48,"----") -> ---- | AQ48: =+IFERROR(AP48/AN48,"----") -> ---- | AU48: =+IFERROR(AT48/AR48,"----") -> ---- | AY48: =+IFERROR(AX48/AV48,"----") -> ---- | AZ48: =B48+F48+J48+N48+R48+V48+AB48+AF48+AJ48+AN48+AR48+AV48 -> 300000 | BA48: =C48+G48+K48+O48+S48+W48+AC48+AG48+AK48+AO48+AS48+AW48 -> 170063.05 | BB48: =D48+H48+L48+P48+T48+X48+AD48+AH48+AL48+AP48+AT48+AX48 -> 152216.6 | BC48: =+IFERROR(BB48/AZ48,"----") -> 0.50738867
A49: สตรองซอส | B49: 30000 | C49: 30000 | D49: 50363.8 | E49: =+IFERROR(D49/B49,"----") -> 1.6787933 | F49: 30000 | G49: 9190.4 | H49: 9190.4 | I49: =+IFERROR(H49/F49,"----") -> 0.30634667 | J49: 50000 | K49: 21483 | L49: 21483 | M49: =+IFERROR(L49/J49,"----") -> 0.42966 | N49: 50000 | O49: 52404 | P49: 52404 | Q49: =+IFERROR(P49/N49,"----") -> 1.04808 | R49: 50000 | S49: 50000 | T49: 24835.8 | U49: =+IFERROR(T49/R49,"----") -> 0.496716 | V49: 50000 | W49: 31330.2 | X49: 31330.2 | Y49: =+IFERROR(X49/V49,"----") -> 0.626604 | AA49: สตรองซอส | AB49: 50000 | AC49: 30000 | AD49: 26565 | AE49: =+IFERROR(AD49/AB49,"----") -> 0.5313 | AF49: 50000 | AG49: 13292.4 | AH49: 13292.4 | AI49: =+IFERROR(AH49/AF49,"----") -> 0.265848 | AJ49: 50000 | AK49: 60000 | AL49: 13219.8 | AM49: =+IFERROR(AL49/AJ49,"----") -> 0.264396 | AN49: 50000 | AO49: 60000 | AQ49: =+IFERROR(AP49/AN49,"----") -> 0 | AR49: 50000 | AS49: 60000 | AU49: =+IFERROR(AT49/AR49,"----") -> 0 | AV49: 50000 | AW49: 60000 | AY49: =+IFERROR(AX49/AV49,"----") -> 0 | AZ49: =B49+F49+J49+N49+R49+V49+AB49+AF49+AJ49+AN49+AR49+AV49 -> 560000 | BA49: =C49+G49+K49+O49+S49+W49+AC49+AG49+AK49+AO49+AS49+AW49 -> 477700 | BB49: =D49+H49+L49+P49+T49+X49+AD49+AH49+AL49+AP49+AT49+AX49 -> 242684.4 | BC49: =+IFERROR(BB49/AZ49,"----") -> 0.433365
A50: ไทยคราฟ | B50: 100000 | C50: 100000 | D50: 78440.2 | E50: =+IFERROR(D50/B50,"----") -> 0.784402 | F50: 100000 | G50: 97483.8 | H50: 97483.8 | I50: =+IFERROR(H50/F50,"----") -> 0.974838 | J50: 100000 | K50: 62319.5 | L50: 62319.5 | M50: =+IFERROR(L50/J50,"----") -> 0.623195 | N50: 100000 | O50: 84354.8 | P50: 84354.8 | Q50: =+IFERROR(P50/N50,"----") -> 0.843548 | R50: 100000 | S50: 60000 | T50: 61481.4 | U50: =+IFERROR(T50/R50,"----") -> 0.614814 | V50: 100000 | W50: 83055 | X50: 83055 | Y50: =+IFERROR(X50/V50,"----") -> 0.83055 | AA50: ไทยคราฟ | AB50: 100000 | AC50: 35461 | AD50: 35461 | AE50: =+IFERROR(AD50/AB50,"----") -> 0.35461 | AF50: 100000 | AG50: 71395 | AH50: 71395 | AI50: =+IFERROR(AH50/AF50,"----") -> 0.71395 | AJ50: 100000 | AK50: 100000 | AL50: 55945 | AM50: =+IFERROR(AL50/AJ50,"----") -> 0.55945 | AN50: 100000 | AO50: 100000 | AQ50: =+IFERROR(AP50/AN50,"----") -> 0 | AR50: 100000 | AS50: 100000 | AU50: =+IFERROR(AT50/AR50,"----") -> 0 | AV50: 100000 | AW50: 100000 | AY50: =+IFERROR(AX50/AV50,"----") -> 0 | AZ50: =B50+F50+J50+N50+R50+V50+AB50+AF50+AJ50+AN50+AR50+AV50 -> 1200000 | BA50: =C50+G50+K50+O50+S50+W51+AC50+AG50+AK50+AO50+AS50+AW50 -> 911014.1 | BB50: =D50+H50+L50+P50+T50+X50+AD50+AH50+AL50+AP50+AT50+AX50 -> 629935.7 | BC50: =+IFERROR(BB50/AZ50,"----") -> 0.52494642
A51: มิดวินเทอร์ | D51: 28044 | E51: =+IFERROR(D51/B51,"----") -> ---- | G51: 33441.9 | H51: 33441.9 | I51: =+IFERROR(H51/F51,"----") -> ---- | M51: =+IFERROR(L51/J51,"----") -> ---- | O51: 13038 | P51: 13038 | Q51: =+IFERROR(P51/N51,"----") -> ---- | R51: 100000 | U51: =+IFERROR(T51/R51,"----") -> 0 | Y51: =+IFERROR(X51/V51,"----") -> ---- | AA51: มิดวินเทอร์ | AB51: 100000 | AC51: 47268 | AD51: 47268 | AE51: =+IFERROR(AD51/AB51,"----") -> 0.47268 | AF51: 100000 | AG51: 54660 | AH51: 54660 | AI51: =+IFERROR(AH51/AF51,"----") -> 0.5466 | AJ51: 100000 | AM51: =+IFERROR(AL51/AJ51,"----") -> 0 | AN51: 100000 | AQ51: =+IFERROR(AP51/AN51,"----") -> 0 | AR51: 100000 | AU51: =+IFERROR(AT51/AR51,"----") -> 0 | AV51: 100000 | AY51: =+IFERROR(AX51/AV51,"----") -> 0 | AZ51: =B51+F51+J51+N51+R51+V51+AB51+AF51+AJ51+AN51+AR51+AV51 -> 700000 | BA51: =C51+G51+K51+O51+S51+W52+AC51+AG51+AK51+AO51+AS51+AW51 -> 182183.4 | BB51: =D51+H51+L51+P51+T51+X51+AD51+AH51+AL51+AP51+AT51+AX51 -> 176451.9 | BC51: =+IFERROR(BB51/AZ51,"----") -> 0.25207414
A52: มาม่าแบร์ | B52: 50000 | C52: 41387.5 | D52: 41387.5 | E52: =+IFERROR(D52/B52,"----") -> 0.82775 | F52: 50000 | G52: 12875.5 | H52: 12875.5 | I52: =+IFERROR(H52/F52,"----") -> 0.25751 | J52: 60000 | K52: 52008 | L52: 52008 | M52: =+IFERROR(L52/J52,"----") -> 0.8668 | N52: 60000 | O52: 68805 | P52: 68805 | Q52: =+IFERROR(P52/N52,"----") -> 1.14675 | R52: 60000 | U52: =+IFERROR(T52/R52,"----") -> 0 | V52: 60000 | W52: 33775.5 | X52: 33775.5 | Y52: =+IFERROR(X52/V52,"----") -> 0.562925 | AA52: มาม่าแบร์ | AB52: 60000 | AC52: 60000 | AD52: 59543 | AE52: =+IFERROR(AD52/AB52,"----") -> 0.99238333 | AF52: 60000 | AG52: 53377.5 | AH52: 53377.5 | AI52: =+IFERROR(AH52/AF52,"----") -> 0.889625 | AJ52: 60000 | AK52: 60000 | AL52: 40254.5 | AM52: =+IFERROR(AL52/AJ52,"----") -> 0.67090833 | AN52: 60000 | AO52: 60000 | AQ52: =+IFERROR(AP52/AN52,"----") -> 0 | AR52: 60000 | AS52: 60000 | AU52: =+IFERROR(AT52/AR52,"----") -> 0 | AV52: 60000 | AW52: 60000 | AY52: =+IFERROR(AX52/AV52,"----") -> 0 | AZ52: =B52+F52+J52+N52+R52+V52+AB52+AF52+AJ52+AN52+AR52+AV52 -> 700000 | BA52: =C52+G52+K52+O52+S52+W52+AC52+AG52+AK52+AO52+AS52+AW52 -> 562229 | BB52: =D52+H52+L52+P52+T52+X52+AD52+AH52+AL52+AP52+AT52+AX52 -> 362026.5 | BC52: =+IFERROR(BB52/AZ52,"----") -> 0.51718071
A53: นายน์สลัด | B53: 30000 | C53: 38382.5 | D53: 38382.5 | E53: =+IFERROR(D53/B53,"----") -> 1.2794167 | F53: 30000 | G53: 42406 | H53: 42406 | I53: =+IFERROR(H53/F53,"----") -> 1.4135333 | J53: 30000 | K53: 78929.5 | L53: 78929.5 | M53: =+IFERROR(L53/J53,"----") -> 2.6309833 | N53: 30000 | O53: 40891.5 | P53: 40891.5 | Q53: =+IFERROR(P53/N53,"----") -> 1.36305 | R53: 30000 | S53: 80775.5 | T53: 80775.5 | U53: =+IFERROR(T53/R53,"----") -> 2.6925167 | V53: 30000 | W53: 41203.5 | X53: 41203.5 | Y53: =+IFERROR(X53/V53,"----") -> 1.37345 | AA53: นายน์สลัด | AB53: 30000 | AC53: 39182 | AD53: 39182 | AE53: =+IFERROR(AD53/AB53,"----") -> 1.3060667 | AF53: 30000 | AG53: 82400.5 | AH53: 82400.5 | AI53: =+IFERROR(AH53/AF53,"----") -> 2.7466833 | AJ53: 30000 | AK53: 41899 | AL53: 41899 | AM53: =+IFERROR(AL53/AJ53,"----") -> 1.3966333 | AN53: 30000 | AO53: 30000 | AQ53: =+IFERROR(AP53/AN53,"----") -> 0 | AR53: 30000 | AS53: 30000 | AU53: =+IFERROR(AT53/AR53,"----") -> 0 | AV53: 30000 | AW53: 30000 | AY53: =+IFERROR(AX53/AV53,"----") -> 0 | AZ53: =B53+F53+J53+N53+R53+V53+AB53+AF53+AJ53+AN53+AR53+AV53 -> 360000 | BA53: =C53+G53+K53+O53+S53+W53+AC53+AG53+AK53+AO53+AS53+AW53 -> 576070 | BB53: =D53+H53+L53+P53+T53+X53+AD53+AH53+AL53+AP53+AT53+AX53 -> 486070 | BC53: =+IFERROR(BB53/AZ53,"----") -> 1.3501944
A54: Other | B54: 1000000 | C54: 800000 | D54: =926255.05-188491.98 -> 737763.07 | E54: =+IFERROR(D54/B54,"----") -> 0.73776307 | F54: 1000000 | G54: =303419.3+588556.7-922.17 -> 891053.83 | H54: =303419.3+588556.7-922.17 -> 891053.83 | I54: =+IFERROR(H54/F54,"----") -> 0.89105383 | J54: 1000000 | K54: =115915.3+596450.81-9573.58 -> 702792.53 | L54: =115915.3+596450.81-9573.58 -> 702792.53 | M54: =+IFERROR(L54/J54,"----") -> 0.70279253 | N54: 1000000 | O54: =167196.45+595326.95-11751.49 -> 750771.91 | P54: =167196.45+595326.95-11751.49 -> 750771.91 | Q54: =+IFERROR(P54/N54,"----") -> 0.75077191 | R54: 1000000 | S54: =128439.45+387145.86+10317.59 -> 525902.9 | T54: =128439.45+387145.86+10317.59 -> 525902.9 | U54: =+IFERROR(T54/R54,"----") -> 0.5259029 | V54: 1000000 | W54: =112691.43+1081346.15-27405.7 -> 1166631.9 | X54: =112691.43+1081346.15-27405.7 -> 1166631.9 | Y54: =+IFERROR(X54/V54,"----") -> 1.1666319 | AA54: Other | AB54: 1000000 | AC54: 1328169.8 | AD54: =131767.2+1196402.62 -> 1328169.8 | AE54: =+IFERROR(AD54/AB54,"----") -> 1.3281698 | AF54: 1000000 | AG54: =65657.5+1147903 -> 1213560.5 | AH54: =106867.9+1195349.03-158 -> 1302058.9 | AI54: =+IFERROR(AH54/AF54,"----") -> 1.3020589 | AJ54: 1000000 | AK54: 1300000 | AL54: =81848.65+824658.75-3402+130946.04 -> 1034051.4 | AM54: =+IFERROR(AL54/AJ54,"----") -> 1.0340514 | AN54: 1000000 | AO54: 1500000 | AQ54: =+IFERROR(AP54/AN54,"----") -> 0 | AR54: 1000000 | AS54: 1500000 | AU54: =+IFERROR(AT54/AR54,"----") -> 0 | AV54: 1000000 | AW54: 1500000 | AY54: =+IFERROR(AX54/AV54,"----") -> 0 | AZ54: =B54+F54+J54+N54+R54+V54+AB54+AF54+AJ54+AN54+AR54+AV54 -> 12000000 | BA54: =C54+G54+K54+O54+S54+W54+AC54+AG54+AK54+AO54+AS54+AW54 -> 13178883 | BB54: =D54+H54+L54+P54+T54+X54+AD54+AH54+AL54+AP54+AT54+AX54 -> 8439196.3 | BC54: =+IFERROR(BB54/AZ54,"----") -> 0.70326636
A55: ซูซิมั้ย | B55: 250000 | C55: 150000 | D55: 126793.66 | E55: =+IFERROR(D55/B55,"----") -> 0.50717464 | F55: 250000 | G55: 191859.68 | H55: 191859.68 | I55: =+IFERROR(H55/F55,"----") -> 0.76743872 | J55: 500000 | K55: 180509.45 | L55: 180509.45 | M55: =+IFERROR(L55/J55,"----") -> 0.3610189 | N55: 500000 | O55: 174777.98 | P55: 174777.98 | Q55: =+IFERROR(P55/N55,"----") -> 0.34955596 | R55: 500000 | S55: 150000 | T55: 122726.99 | U55: =+IFERROR(T55/R55,"----") -> 0.24545398 | V55: 500000 | W55: 200000 | X55: 161951.15 | Y55: =+IFERROR(X55/V55,"----") -> 0.3239023 | AA55: ซูซิมั้ย | AB55: 500000 | AC55: 201849.83 | AD55: 201849.83 | AE55: =+IFERROR(AD55/AB55,"----") -> 0.40369966 | AF55: 500000 | AG55: 175141.4 | AH55: 175141.4 | AI55: =+IFERROR(AH55/AF55,"----") -> 0.3502828 | AJ55: 500000 | AK55: 200000 | AL55: 131124.6 | AM55: =+IFERROR(AL55/AJ55,"----") -> 0.2622492 | AN55: 500000 | AO55: 300000 | AQ55: =+IFERROR(AP55/AN55,"----") -> 0 | AR55: 500000 | AS55: 300000 | AU55: =+IFERROR(AT55/AR55,"----") -> 0 | AV55: 500000 | AW55: 300000 | AY55: =+IFERROR(AX55/AV55,"----") -> 0 | AZ55: =B55+F55+J55+N55+R55+V55+AB55+AF55+AJ55+AN55+AR55+AV55 -> 5500000 | BA55: =C55+G55+K55+O55+S55+W55+AC55+AG55+AK55+AO55+AS55+AW55 -> 2524138.3 | BB55: =D55+H55+L55+P55+T55+X55+AD56+AH55+AL55+AP55+AT55+AX55 -> 1368851.5 | BC55: =+IFERROR(BB55/AZ55,"----") -> 0.24888209
A56: ลูกค้าใหม่ (ทริปเบิ้ลบี ,ทวิชัย,นายบรรณ,เอ็ม แอนด์ ที ,แพ็นเดนัช | B56: 500000 | C56: 10601.5 | D56: 10601.5 | F56: 500000 | G56: 50454.1 | H56: 50454.1 | J56: 100000 | K56: 79677.2 | L56: 79677.2 | M56: =+IFERROR(L56/J56,"----") -> 0.796772 | N56: 100000 | O56: 37719.9 | P56: 37719.9 | R56: 100000 | S56: =149156+138833.7 -> 287989.7 | T56: =149156+138833.7 -> 287989.7 | U56: =+IFERROR(T56/R56,"----") -> 2.879897 | V56: 100000 | W56: =142500+16223.4 -> 158723.4 | X56: =142500+16223.4 -> 158723.4 | Y56: =+IFERROR(X56/V56,"----") -> 1.587234 | AA56: ลูกค้าใหม่ | AB56: 100000 | AC56: =44913.2+59053.4 -> 103966.6 | AD56: =44913.2+59053.4 -> 103966.6 | AE56: =+IFERROR(AD56/AB56,"----") -> 1.039666 | AF56: 100000 | AG56: =4727.7+318436.6 -> 323164.3 | AH56: =4727.7+318436.6 -> 323164.3 | AI56: =+IFERROR(AH56/AF56,"----") -> 3.231643 | AJ56: 100000 | AK56: 100000 | AL56: 41372.2 | AN56: 100000 | AO56: 100000 | AQ56: =+IFERROR(AP56/AN56,"----") -> 0 | AR56: 100000 | AS56: 100000 | AU56: =+IFERROR(AT56/AR56,"----") -> 0 | AV56: 100000 | AW56: 100000 | AY56: =+IFERROR(AX56/AV56,"----") -> 0 | AZ56: =B56+F56+J56+N56+R56+V56+AB56+AF56+AJ56+AN56+AR56+AV56 -> 2000000 | BA56: =C56+G56+K56+O56+S56+W56+AC56+AG56+AK56+AO56+AS56+AW56 -> 1452296.7 | BB56: =D56+H56+L56+P56+T56+X56+AD57+AH56+AL56+AP56+AT56+AX56 -> 989702.3 | BC56: =+IFERROR(BB56/AZ56,"----") -> 0.49485115
A57: New Project. (Thaifex) | F57: 12000000 | J57: 12500000 | K57: 648042.75 | L57: 648042.75 | M57: =+IFERROR(L57/J57,"----") -> 0.05184342 | N57: 12000000 | R57: 12000000 | S57: 240568.31 | T57: 240568.31 | V57: 12000000 | AA57: New Project. | AB57: 12000000 | AE57: =+IFERROR(AD57/AB57,"----") -> 0 | AI57: =+IFERROR(AH57/AF57,"----") -> ---- | AJ57: 12000000 | AQ57: =+IFERROR(AP57/AN57,"----") -> ---- | AU57: =+IFERROR(AT57/AR57,"----") -> ---- | AY57: =+IFERROR(AX57/AV57,"----") -> ----
A58: Total(formulation) | B58: =SUM(B6:B57) -> 15640000 | C58: =SUM(C6:C57) -> 12130440 | D58: =+SUM(D6:D57) -> 12061304 | E58: =+IFERROR(D58/B58,"----") -> 0.77118313 | F58: =SUM(F6:F57) -> 25990000 | G58: =SUM(G6:G57) -> 10090570 | H58: =+SUM(H6:H57) -> 10090570 | I58: =+IFERROR(H58/F58,"----") -> 0.38824817 | J58: =SUM(J6:J57) -> 25180000 | K58: =+SUM(K6:K57) -> 13632078 | L58: =+SUM(L6:L57) -> 13632078 | M58: =+IFERROR(L58/J58,"----") -> 0.54138516 | N58: =SUM(N6:N57) -> 25180000 | O58: =SUM(O6:O55) -> 11152309 | P58: =SUM(P6:P57) -> 11190029 | Q58: =+IFERROR(P58/N58,"----") -> 0.44440146 | R58: =SUM(R6:R57) -> 25600000 | S58: =SUM(S6:S57) -> 10607223 | T58: =+SUM(T6:T57) -> 10389285 | U58: =+IFERROR(T58/R58,"----") -> 0.40583145 | V58: =SUM(V6:V57) -> 25400000 | W58: =+SUM(W6:W56) -> 10052977 | X58: =+SUM(X6:X56) -> 9942527.6 | Y58: =+IFERROR(X58/V58,"----") -> 0.3914381 | AA58: Total(formulation) | AB58: =SUM(AB6:AB57) -> 25500000 | AC58: =SUM(AC6:AC57) -> 14612261 | AD58: =SUM(AD6:AD56) -> 14480069 | AE58: =+IFERROR(AD58/AB58,"----") -> 0.56784583 | AF58: =+SUM(AF6:AF57) -> 13500000 | AG58: =SUM(AG6:AG57) -> 14276665 | AH58: =+SUM(AH6:AH56) -> 14377580 | AI58: =+IFERROR(AH58/AF58,"----") -> 1.0650059 | AJ58: =SUM(AJ5:AJ57) -> 25500000 | AK58: =SUM(AK6:AK57) -> 18239860 | AL58: =SUM(AL6:AL56) -> 11810488 | AM58: =+IFERROR(AL58/AJ58,"----") -> 0.46315638 | AN58: =+SUM(AN6:AN56) -> 13500000 | AO58: =+SUM(AO6:AO56) -> 14980000 | AP58: =+SUM(AP6:AP56) -> 0 | AQ58: =+IFERROR(AP58/AN58,"----") -> 0 | AR58: =+SUM(AR5:AR56) -> 13500000 | AS58: =+SUM(AS5:AS56) -> 16680000 | AT58: =SUM(AT6:AT56) -> 0 | AU58: =+IFERROR(AT58/AR58,"----") -> 0 | AV58: =+SUM(AV6:AV56) -> 13500000 | AW58: =+SUM(AW6:AW56) -> 18380000 | AX58: =SUM(AX6:AX56) -> 0 | AY58: =+IFERROR([1]ตามลูกค้า!H6/AV58,"----") -> 0 | AZ58: =+SUM(AZ5:AZ56) -> 163520000 | BA58: =+SUM(BA5:BA56) -> 1.6393421e+08 | BB58: =+SUM(BB5:BB56) -> 1.0675384e+08 | BC58: =+IFERROR(BB58/AZ58,"----") -> 0.65284884
AJ59: SEPTEMBER
A60: Prior period / Current period | B60: Jan | F60: Feb | J60: Mar | N60: Apr | R60: May | V60: Jun | AA60: Prior period / Current period | AB60: JULY | AF60: AUGUST | AN60: OCTOBER | AR60: NOVEMBER | AV60: DECEMBER | AZ60: Total
B61: 2024 | C61: 2025 | D61: 2026 | E61: Conpareed to previous period | F61: 2024 | G61: 2025 | H61: 2026 | I61: Conpareed to previous period | J61: 2024 | K61: 2025 | L61: 2026 | M61: Conpareed to previous period | N61: 2024 | O61: 2025 | P61: 2026 | Q61: Conpareed to previous period | R61: 2024 | S61: 2025 | T61: 2026 | U61: Conpareed to previous period | V61: 2024 | W61: 2025 | X61: 2026 | Y61: Conpareed to previous period | AB61: 2024 | AC61: 2025 | AD61: 2026 | AE61: Conpareed to previous period | AF61: 2024 | AG61: 2025 | AH61: 2026 | AI61: Conpareed to previous period | AJ61: 2024 | AK61: 2025 | AL61: 2026 | AM61: Conpareed to previous period | AN61: 2024 | AO61: 2025 | AP61: 2026 | AQ61: Conpareed to previous period | AR61: 2024 | AS61: 2025 | AT61: 2026 | AU61: Conpareed to previous period | AV61: 2024 | AW61: 2025 | AX61: 2026 | AY61: Conpareed to previous period | AZ61: 2024 | BA61: 2025 | BB61: 2026 | BC61: Conpareed to previous period
A62: Chain Restaurant | E62: =+IFERROR(D62/C62,"----") -> ---- | I62: =+IFERROR(H62/G62,"----") -> ---- | M62: =+IFERROR(L62/K62,"----") -> ---- | Q62: =+IFERROR(P62/O62,"----") -> ---- | U62: =+IFERROR(T62/S62,"----") -> ---- | Y62: =+IFERROR(X62/W62,"----") -> ---- | AA62: Chain Restaurant | AE62: =+IFERROR(AD62/AC62,"----") -> ---- | AI62: =+IFERROR(AH62/AG62,"----") -> ---- | AM62: =+IFERROR(AL62/AK62,"----") -> ---- | AQ62: =+IFERROR(AP62/AO62,"----") -> ---- | AU62: =+IFERROR(AT62/AS62,"----") -> ---- | AY62: =+IFERROR(AX62/AW62,"----") -> ---- | AZ62: =B62+F62+J62+N62+R62+V62+AB62+AF62+AJ62+AN62+AR62+AV62 -> 0 | BA62: =C62+G62+K62+O62+S62+W62+AC62+AG62+AK62+AO62+AS62+AW62 -> 0 | BB62: =D62+H62+L62+P62+T62+X62+AD62+AH62+AL62+AP62+AT62+AX62 -> 0 | BC62: 0
A63: Sizzler | B63: 486000 | C63: 2224000 | D63: =D6 -> 1456000 | E63: =+IFERROR(D63/C63,"----") -> 0.65467626 | F63: 1215000 | G63: 2216000 | H63: =H6 -> 520000 | I63: =+IFERROR(H63/G63,"----") -> 0.23465704 | J63: 1215000 | K63: 0 | L63: =L6 -> 1211250 | M63: =+IFERROR(L63/K63,"----") -> ---- | N63: 2268000 | O63: 600000 | P63: =P6 -> 912000 | Q63: =+IFERROR(P63/O63,"----") -> 1.52 | R63: 648000 | S63: 800000 | T63: =T6 -> 672000 | U63: =+IFERROR(T63/S63,"----") -> 0.84 | V63: 1215000 | W63: 704000 | X63: =X6 -> 1200000 | Y63: =+IFERROR(X63/W63,"----") -> 1.7045455 | AA63: Sizzler | AB63: 1336500 | AC63: 1240000 | AD63: =AD6 -> 2278500 | AE63: =+IFERROR(AD63/AC63,"----") -> 1.8375 | AF63: 1620000 | AG63: 864000 | AH63: =AH6 -> 2322000 | AI63: =+IFERROR(AH63/AG63,"----") -> 2.6875 | AJ63: 648000 | AK63: 984000 | AL63: =AL6 -> 3152750 | AM63: =+IFERROR(AL63/AK63,"----") -> 3.2040142 | AN63: 1822500 | AO63: 376000 | AP63: =AP6 -> 0 | AQ63: =+IFERROR(AP63/AO63,"----") -> 0 | AR63: 810000 | AS63: 904000 | AT63: =AT6 -> 0 | AU63: =+IFERROR(AT63/AS63,"----") -> 0 | AV63: 1701000 | AW63: 1116000 | AX63: =AX6 -> 0 | AY63: =+IFERROR(AX63/AW63,"----") -> 0 | AZ63: =B63+F63+J63+N63+R63+V63+AB63+AF63+AJ63+AN63+AR63+AV63 -> 14985000 | BA63: =C63+G63+K63+O63+S63+W63+AC63+AG63+AK63+AO63+AS63+AW63 -> 12028000 | BB63: =D63+H63+L63+P63+T63+X63+AD63+AH63+AL63+AP63+AT63+AX63 -> 13724500 | BC63: 0
A64: Fuji | B64: 0 | C64: 0 | D64: =D7 -> 0 | E64: =+IFERROR(D64/C64,"----") -> ---- | F64: 1378970 | G64: 0 | H64: =H7 -> 0 | I64: =+IFERROR(H64/G64,"----") -> ---- | J64: 0 | K64: 0 | L64: =L7 -> 0 | M64: =+IFERROR(L64/K64,"----") -> ---- | N64: 0 | O64: 0 | P64: =P7 -> 0 | Q64: =+IFERROR(P64/O64,"----") -> ---- | R64: 0 | S64: 0 | T64: =T7 -> 0 | U64: =+IFERROR(T64/S64,"----") -> ---- | V64: 0 | W64: 0 | X64: =X7 -> 0 | Y64: =+IFERROR(X64/W64,"----") -> ---- | AA64: Fuji | AB64: 0 | AC64: 0 | AD64: =AD7 -> 0 | AE64: =+IFERROR(AD64/AC64,"----") -> ---- | AF64: 0 | AG64: 0 | AH64: =AH7 -> 0 | AI64: =+IFERROR(AH64/AG64,"----") -> ---- | AJ64: 0 | AK64: 0 | AL64: =AL7 -> 0 | AM64: =+IFERROR(AL64/AK64,"----") -> ---- | AN64: 0 | AO64: 0 | AP64: =AP7 -> 0 | AQ64: =+IFERROR(AP64/AO64,"----") -> ---- | AR64: 0 | AS64: 0 | AT64: =AT7 -> 0 | AU64: =+IFERROR(AT64/AS64,"----") -> ---- | AV64: 0 | AW64: 0 | AX64: =AX7 -> 0 | AY64: =+IFERROR(AX64/AW64,"----") -> ---- | AZ64: =B64+F64+J64+N64+R64+V64+AB64+AF64+AJ64+AN64+AR64+AV64 -> 1378970 | BA64: =C64+G64+K64+O64+S64+W64+AC64+AG64+AK64+AO64+AS64+AW64 -> 0 | BB64: =D64+H64+L64+P64+T64+X64+AD64+AH64+AL64+AP64+AT64+AX64 -> 0 | BC64: 0
A65: Zen | B65: 1148690 | C65: 0 | D65: =D8 -> 0 | E65: =+IFERROR(D65/C65,"----") -> ---- | F65: 0 | G65: 0 | H65: =H8 -> 0 | I65: =+IFERROR(H65/G65,"----") -> ---- | J65: 501120 | K65: 0 | L65: =L8 -> 0 | M65: =+IFERROR(L65/K65,"----") -> ---- | N65: 723840 | O65: 0 | P65: =P8 -> 0 | Q65: =+IFERROR(P65/O65,"----") -> ---- | R65: 214368 | S65: 0 | T65: =T8 -> 0 | U65: =+IFERROR(T65/S65,"----") -> ---- | V65: 0 | W65: 0 | X65: =X8 -> 0 | Y65: =+IFERROR(X65/W65,"----") -> ---- | AA65: Zen | AB65: 856000 | AC65: 0 | AD65: =AD8 -> 0 | AE65: =+IFERROR(AD65/AC65,"----") -> ---- | AF65: 0 | AG65: 0 | AH65: =AH8 -> 0 | AI65: =+IFERROR(AH65/AG65,"----") -> ---- | AJ65: 0 | AK65: 0 | AL65: =AL8 -> 0 | AM65: =+IFERROR(AL65/AK65,"----") -> ---- | AN65: 0 | AO65: 0 | AP65: =AP8 -> 0 | AQ65: =+IFERROR(AP65/AO65,"----") -> ---- | AR65: 0 | AS65: 0 | AT65: =AT8 -> 0 | AU65: =+IFERROR(AT65/AS65,"----") -> ---- | AV65: 0 | AW65: 0 | AX65: =AX8 -> 0 | AY65: =+IFERROR(AX65/AW65,"----") -> ---- | AZ65: =B65+F65+J65+N65+R65+V65+AB65+AF65+AJ65+AN65+AR65+AV65 -> 3444018 | BA65: =C65+G65+K65+O65+S65+W65+AC65+AG65+AK65+AO65+AS65+AW65 -> 0 | BB65: =D65+H65+L65+P65+T65+X65+AD65+AH65+AL65+AP65+AT65+AX65 -> 0 | BC65: 0
A66: ไดกิ | B66: 154508.2 | C66: 0 | D66: =D9 -> 545946.68 | E66: =+IFERROR(D66/C66,"----") -> ---- | F66: 442962.2 | G66: 243435 | H66: =H9 -> 834794 | I66: =+IFERROR(H66/G66,"----") -> 3.4292275 | J66: 2859012.9 | K66: 650100 | L66: =L9 -> 959690.4 | M66: =+IFERROR(L66/K66,"----") -> 1.4762197 | N66: 1428392.4 | O66: 873500 | P66: =P9 -> 1466560.3 | Q66: =+IFERROR(P66/O66,"----") -> 1.6789471 | R66: 0 | S66: 707500 | T66: =T9 -> 2262387.9 | U66: =+IFERROR(T66/S66,"----") -> 3.1977214 | V66: 0 | W66: 615000 | X66: =X9 -> 404551 | Y66: =+IFERROR(X66/W66,"----") -> 0.6578065 | AA66: ไดกิ | AB66: 624578.5 | AC66: 245000 | AD66: =AD9 -> 1064000 | AE66: =+IFERROR(AD66/AC66,"----") -> 4.3428571 | AF66: 936395.7 | AG66: 366000 | AH66: =AH9 -> 260000 | AI66: =+IFERROR(AH66/AG66,"----") -> 0.71038251 | AJ66: 1300916.7 | AK66: 615000 | AL66: =AL9 -> 584000 | AM66: =+IFERROR(AL66/AK66,"----") -> 0.9495935 | AN66: 2353098.4 | AO66: 909000 | AP66: =AP9 -> 0 | AQ66: =+IFERROR(AP66/AO66,"----") -> 0 | AR66: 0 | AS66: 1064000 | AT66: =AT9 -> 0 | AU66: =+IFERROR(AT66/AS66,"----") -> 0 | AV66: 1011000 | AW66: 931126.8 | AX66: =AX9 -> 0 | AY66: =+IFERROR(AX66/AW66,"----") -> 0 | AZ66: =B66+F66+J66+N66+R66+V66+AB66+AF66+AJ66+AN66+AR66+AV66 -> 11110865 | BA66: =C66+G66+K66+O66+S66+W66+AC66+AG66+AK66+AO66+AS66+AW66 -> 7219661.8 | BB66: =D66+H66+L66+P66+T66+X66+AD66+AH66+AL66+AP66+AT66+AX66 -> 8381930.3 | BC66: 0
A67: สามเสน | B67: 253061.74 | C67: 299332.05 | D67: =D10 -> 187801.65 | E67: =+IFERROR(D67/C67,"----") -> 0.62740241 | F67: 269613.79 | G67: 215472.55 | H67: =H10 -> 154639.35 | I67: =+IFERROR(H67/G67,"----") -> 0.71767541 | J67: 155840.35 | K67: 114751.9 | L67: =L10 -> 220179.6 | M67: =+IFERROR(L67/K67,"----") -> 1.9187447 | N67: 342906.95 | O67: 204493.5 | P67: =P10 -> 222288.45 | Q67: =+IFERROR(P67/O67,"----") -> 1.0870196 | R67: 181568.11 | S67: 237050.4 | T67: =T10 -> 215550.05 | U67: =+IFERROR(T67/S67,"----") -> 0.90930051 | V67: 274733.33 | W67: 209859.2 | X67: =X10 -> 178116.1 | Y67: =+IFERROR(X67/W67,"----") -> 0.84874097 | AA67: สามเสน | AB67: 283479.15 | AC67: 268458.95 | AD67: =AD10 -> 266689.95 | AE67: =+IFERROR(AD67/AC67,"----") -> 0.99341054 | AF67: 251665.65 | AG67: 159374.65 | AH67: =AH10 -> 199917.45 | AI67: =+IFERROR(AH67/AG67,"----") -> 1.2543868 | AJ67: 266175 | AK67: 185255.3 | AL67: =AL10 -> 172766.3 | AM67: =+IFERROR(AL67/AK67,"----") -> 0.93258492 | AN67: 204437.6 | AO67: 239693.2 | AP67: =AP10 -> 0 | AQ67: =+IFERROR(AP67/AO67,"----") -> 0 | AR67: 198383.6 | AS67: 156078.2 | AT67: =AT10 -> 0 | AU67: =+IFERROR(AT67/AS67,"----") -> 0 | AV67: 303483.2 | AW67: 233999.75 | AX67: =AX10 -> 0 | AY67: =+IFERROR(AX67/AW67,"----") -> 0 | AZ67: =B67+F67+J67+N67+R67+V67+AB67+AF67+AJ67+AN67+AR67+AV67 -> 2985348.5 | BA67: =C67+G67+K67+O67+S67+W67+AC67+AG67+AK67+AO67+AS67+AW67 -> 2523819.6 | BB67: =D67+H67+L67+P67+T67+X67+AD67+AH67+AL67+AP67+AT67+AX67 -> 1817948.9 | BC67: 0
A68: เดอะ ฟู๊ดซีเลคชั่น | B68: 70937.6 | C68: 0 | D68: =D11 -> 65088.3 | E68: =+IFERROR(D68/C68,"----") -> ---- | F68: 103179.8 | G68: 29651.4 | H68: =H11 -> 60288.9 | I68: =+IFERROR(H68/G68,"----") -> 2.0332564 | J68: 76959 | K68: 31173.3 | L68: =L11 -> 68457 | M68: =+IFERROR(L68/K68,"----") -> 2.1960139 | N68: 0 | O68: 29303.7 | P68: =P11 -> 120549.3 | Q68: =+IFERROR(P68/O68,"----") -> 4.1137911 | R68: 0 | S68: 114267.9 | T68: =T11 -> 60157.8 | U68: =+IFERROR(T68/S68,"----") -> 0.52646281 | V68: 279795.9 | W68: 27360 | X68: =X11 -> 56378.7 | Y68: =+IFERROR(X68/W68,"----") -> 2.060625 | AA68: เดอะ ฟู๊ดซีเลคชั่น | AB68: 0 | AC68: 60494.1 | AD68: =AD11 -> 56709.3 | AE68: =+IFERROR(AD68/AC68,"----") -> 0.93743522 | AF68: 66114.3 | AG68: 94471.8 | AH68: =AH11 -> 61594.2 | AI68: =+IFERROR(AH68/AG68,"----") -> 0.65198504 | AJ68: 37597.2 | AK68: 34467.9 | AL68: =AL11 -> 0 | AM68: =+IFERROR(AL68/AK68,"----") -> 0 | AN68: 0 | AO68: 59701.8 | AP68: =AP11 -> 0 | AQ68: =+IFERROR(AP68/AO68,"----") -> 0 | AR68: 0 | AS68: 61121.1 | AT68: =AT11 -> 0 | AU68: =+IFERROR(AT68/AS68,"----") -> 0 | AV68: 0 | AW68: 61759.5 | AX68: =AX11 -> 0 | AY68: =+IFERROR(AX68/AW68,"----") -> 0 | AZ68: =B68+F68+J68+N68+R68+V68+AB68+AF68+AJ68+AN68+AR68+AV68 -> 634583.8 | BA68: =C68+G68+K68+O68+S68+W68+AC68+AG68+AK68+AO68+AS68+AW68 -> 603772.5 | BB68: =D68+H68+L68+P68+T68+X68+AD68+AH68+AL68+AP68+AT68+AX68 -> 549223.5 | BC68: 0
A69: ฟู๊ดมี | B69: 0 | C69: 63947.3 | D69: =D12 -> 43443.7 | E69: =+IFERROR(D69/C69,"----") -> 0.67936723 | F69: 54388.5 | G69: 61880.6 | H69: =H12 -> 0 | I69: =+IFERROR(H69/G69,"----") -> 0 | J69: 50209.8 | K69: 0 | L69: =L12 -> 10915 | M69: =+IFERROR(L69/K69,"----") -> ---- | N69: 51633 | O69: 56176.8 | P69: =P12 -> 0 | Q69: =+IFERROR(P69/O69,"----") -> 0 | R69: 101640 | S69: 103529.6 | T69: =T12 -> 25250 | U69: =+IFERROR(T69/S69,"----") -> 0.2438916 | V69: 60173.1 | W69: 47778.1 | X69: =X12 -> 32235 | Y69: =+IFERROR(X69/W69,"----") -> 0.6746815 | AA69: ฟู๊ดมี | AB69: 50156.4 | AC69: 41390 | AD69: =AD12 -> 31845 | AE69: =+IFERROR(AD69/AC69,"----") -> 0.76938874 | AF69: 120864.3 | AG69: 46661.8 | AH69: =AH12 -> 0 | AI69: =+IFERROR(AH69/AG69,"----") -> 0 | AJ69: 70846.2 | AK69: 46662.3 | AL69: =AL12 -> 0 | AM69: =+IFERROR(AL69/AK69,"----") -> 0 | AN69: 0 | AO69: 31118 | AP69: =AP12 -> 0 | AQ69: =+IFERROR(AP69/AO69,"----") -> 0 | AR69: 73419.2 | AS69: 120109.7 | AT69: =AT12 -> 0 | AU69: =+IFERROR(AT69/AS69,"----") -> 0 | AV69: 57582.7 | AW69: 48776.8 | AX69: =AX12 -> 0 | AY69: =+IFERROR(AX69/AW69,"----") -> 0 | AZ69: =B69+F69+J69+N69+R69+V69+AB69+AF69+AJ69+AN69+AR69+AV69 -> 690913.2 | BA69: =C69+G69+K69+O69+S69+W69+AC69+AG69+AK69+AO69+AS69+AW69 -> 668031 | BB69: =D69+H69+L69+P69+T69+X69+AD69+AH69+AL69+AP69+AT69+AX69 -> 143688.7 | BC69: 0
A70: เมก้ามูฟ | B70: 52367.5 | C70: 97289.5 | D70: =D13 -> 117502 | E70: =+IFERROR(D70/C70,"----") -> 1.2077562 | F70: 99769 | G70: 74305 | H70: =H13 -> 98934 | I70: =+IFERROR(H70/G70,"----") -> 1.3314582 | J70: 115726.5 | K70: 79387 | L70: =L13 -> 97878 | M70: =+IFERROR(L70/K70,"----") -> 1.2329223 | N70: 103960 | O70: 118074 | P70: =P13 -> 138154.5 | Q70: =+IFERROR(P70/O70,"----") -> 1.1700671 | R70: 69633 | S70: 68458.5 | T70: =T13 -> 41426 | U70: =+IFERROR(T70/S70,"----") -> 0.60512573 | V70: 77745 | W70: 80690.5 | X70: =X13 -> 74800 | Y70: =+IFERROR(X70/W70,"----") -> 0.92699884 | AA70: เมก้ามูฟ | AB70: 108416 | AC70: 114972 | AD70: =AD13 -> 109637 | AE70: =+IFERROR(AD70/AC70,"----") -> 0.9535974 | AF70: 102619 | AG70: 101959 | AH70: =AH13 -> 70444 | AI70: =+IFERROR(AH70/AG70,"----") -> 0.69090517 | AJ70: 103448 | AK70: 174746 | AL70: =AL13 -> 74123.5 | AM70: =+IFERROR(AL70/AK70,"----") -> 0.42417852 | AN70: 143181.5 | AO70: 34237.5 | AP70: =AP13 -> 0 | AQ70: =+IFERROR(AP70/AO70,"----") -> 0 | AR70: 62381 | AS70: 96937.5 | AT70: =AT13 -> 0 | AU70: =+IFERROR(AT70/AS70,"----") -> 0 | AV70: 131488.5 | AW70: 128584.5 | AX70: =AX13 -> 0 | AY70: =+IFERROR(AX70/AW70,"----") -> 0 | AZ70: =B70+F70+J70+N70+R70+V70+AB70+AF70+AJ70+AN70+AR70+AV70 -> 1170735 | BA70: =C70+G70+K70+O70+S70+W70+AC70+AG70+AK70+AO70+AS70+AW70 -> 1169641 | BB70: =D70+H70+L70+P70+T70+X70+AD70+AH70+AL70+AP70+AT70+AX70 -> 822899 | BC70: 0
A71: แกลมเมอรัส | B71: 0 | C71: 121212 | D71: =D14 -> 0 | E71: =+IFERROR(D71/C71,"----") -> 0 | F71: 178680.2 | G71: 119724 | H71: =H14 -> 67002 | I71: =+IFERROR(H71/G71,"----") -> 0.55963717 | J71: 59682 | K71: 0 | L71: =L14 -> 136526 | M71: =+IFERROR(L71/K71,"----") -> ---- | N71: 120714 | O71: 103740 | P71: =P14 -> 0 | Q71: =+IFERROR(P71/O71,"----") -> 0 | R71: 61350 | S71: 61522.5 | T71: =T14 -> 72520.5 | U71: =+IFERROR(T71/S71,"----") -> 1.1787639 | V71: 120468 | W71: 126261.5 | X71: =X14 -> 0 | Y71: =+IFERROR(X71/W71,"----") -> 0 | AA71: แกลมเมอรัส | AB71: 29550 | AC71: 66807 | AD71: =AD14 -> 68646.5 | AE71: =+IFERROR(AD71/AC71,"----") -> 1.0275345 | AF71: 124842 | AG71: 133711.5 | AH71: =AH14 -> 68308.5 | AI71: =+IFERROR(AH71/AG71,"----") -> 0.51086481 | AJ71: 62460 | AK71: 0 | AL71: =AL14 -> 0 | AM71: =+IFERROR(AL71/AK71,"----") -> ---- | AN71: 180396 | AO71: 67938 | AP71: =AP14 -> 0 | AQ71: =+IFERROR(AP71/AO71,"----") -> 0 | AR71: 0 | AS71: 138762 | AT71: =AT14 -> 0 | AU71: =+IFERROR(AT71/AS71,"----") -> 0 | AV71: 63876 | AW71: 67931.5 | AX71: =AX14 -> 0 | AY71: =+IFERROR(AX71/AW71,"----") -> 0 | AZ71: =B71+F71+J71+N71+R71+V71+AB71+AF71+AJ71+AN71+AR71+AV71 -> 1002018.2 | BA71: =C71+G71+K71+O71+S71+W71+AC71+AG71+AK71+AO71+AS71+AW71 -> 1007610 | BB71: =D71+H71+L71+P71+T71+X71+AD71+AH71+AL71+AP71+AT71+AX71 -> 413003.5 | BC71: 0
A72: Oishi | B72: 0 | C72: 0 | D72: =D15 -> 0 | E72: =+IFERROR(D72/C72,"----") -> ---- | F72: 145800 | G72: 0 | H72: =H15 -> 0 | I72: =+IFERROR(H72/G72,"----") -> ---- | J72: 0 | K72: 0 | L72: =L15 -> 0 | M72: =+IFERROR(L72/K72,"----") -> ---- | N72: 0 | O72: 0 | P72: =P15 -> 0 | Q72: =+IFERROR(P72/O72,"----") -> ---- | R72: 38040.6 | S72: 0 | T72: =T15 -> 0 | U72: =+IFERROR(T72/S72,"----") -> ---- | V72: 10401.2 | W72: 0 | X72: =X15 -> 0 | Y72: =+IFERROR(X72/W72,"----") -> ---- | AA72: Oishi | AB72: 0 | AC72: 0 | AD72: =AD15 -> 0 | AE72: =+IFERROR(AD72/AC72,"----") -> ---- | AF72: 0 | AG72: 0 | AH72: =AH15 -> 0 | AI72: =+IFERROR(AH72/AG72,"----") -> ---- | AJ72: 0 | AK72: 0 | AL72: =AL15 -> 0 | AM72: =+IFERROR(AL72/AK72,"----") -> ---- | AN72: 0 | AO72: 0 | AP72: =AP15 -> 0 | AQ72: =+IFERROR(AP72/AO72,"----") -> ---- | AR72: 0 | AS72: 0 | AT72: =AT15 -> 0 | AU72: =+IFERROR(AT72/AS72,"----") -> ---- | AV72: 0 | AW72: 0 | AX72: =AX15 -> 0 | AY72: =+IFERROR(AX72/AW72,"----") -> ---- | AZ72: =B72+F72+J72+N72+R72+V72+AB72+AF72+AJ72+AN72+AR72+AV72 -> 194241.8 | BA72: =C72+G72+K72+O72+S72+W72+AC72+AG72+AK72+AO72+AS72+AW72 -> 0 | BB72: =D72+H72+L72+P72+T72+X72+AD72+AH72+AL72+AP72+AT72+AX72 -> 0 | BC72: 0
A73: BNN ตี๋น้อย | B73: 4658858.1 | C73: 0 | D73: =D16 -> 0 | E73: =+IFERROR(D73/C73,"----") -> ---- | F73: 0 | G73: 0 | H73: =H16 -> 0 | I73: =+IFERROR(H73/G73,"----") -> ---- | J73: 0 | K73: 0 | L73: =L16 -> 0 | M73: =+IFERROR(L73/K73,"----") -> ---- | N73: 0 | O73: 0 | P73: =P16 -> 0 | Q73: =+IFERROR(P73/O73,"----") -> ---- | R73: 0 | S73: 0 | T73: =T16 -> 0 | U73: =+IFERROR(T73/S73,"----") -> ---- | V73: 0 | W73: 0 | X73: =X16 -> 0 | Y73: =+IFERROR(X73/W73,"----") -> ---- | AA73: BNN ตี๋น้อย | AB73: 0 | AC73: 0 | AD73: =AD16 -> 0 | AE73: =+IFERROR(AD73/AC73,"----") -> ---- | AF73: 0 | AG73: 0 | AH73: =AH16 -> 0 | AI73: =+IFERROR(AH73/AG73,"----") -> ---- | AJ73: 0 | AK73: 0 | AL73: =AL16 -> 0 | AM73: =+IFERROR(AL73/AK73,"----") -> ---- | AN73: 0 | AO73: 0 | AP73: =AP16 -> 0 | AQ73: =+IFERROR(AP73/AO73,"----") -> ---- | AR73: 0 | AS73: 0 | AT73: =AT16 -> 0 | AU73: =+IFERROR(AT73/AS73,"----") -> ---- | AV73: 0 | AW73: 0 | AX73: =AX16 -> 0 | AY73: =+IFERROR(AX73/AW73,"----") -> ---- | AZ73: =B73+F73+J73+N73+R73+V73+AB73+AF73+AJ73+AN73+AR73+AV73 -> 4658858.1 | BA73: =C73+G73+K73+O73+S73+W73+AC73+AG73+AK73+AO73+AS73+AW73 -> 0 | BB73: =D73+H73+L73+P73+T73+X73+AD73+AH73+AL73+AP73+AT73+AX73 -> 0 | BC73: 0
A74: เชสเตอร์ฟู๊ด | B74: 37885.5 | C74: 90451.8 | D74: =D17 -> 63210.9 | E74: =+IFERROR(D74/C74,"----") -> 0.69883518 | F74: 48420.9 | G74: 64574.1 | H74: =H17 -> 67957.9 | I74: =+IFERROR(H74/G74,"----") -> 1.0524018 | J74: 93169.3 | K74: 128600.6 | L74: =L17 -> 67541.8 | M74: =+IFERROR(L74/K74,"----") -> 0.52520595 | N74: 124710.7 | O74: 50876 | P74: =P17 -> 84067.3 | Q74: =+IFERROR(P74/O74,"----") -> 1.652396 | R74: 122788.1 | S74: 38078.8 | T74: =T17 -> 59639.6 | U74: =+IFERROR(T74/S74,"----") -> 1.5662153 | V74: 57267.5 | W74: 79204.5 | X74: =X17 -> 126415 | Y74: =+IFERROR(X74/W74,"----") -> 1.5960583 | AA74: เชสเตอร์ฟู๊ด | AB74: 108895.1 | AC74: 59640.7 | AD74: =AD17 -> 75695 | AE74: =+IFERROR(AD74/AC74,"----") -> 1.2691836 | AF74: 127188.6 | AG74: 49005.7 | AH74: =AH17 -> 108000 | AI74: =+IFERROR(AH74/AG74,"----") -> 2.2038253 | AJ74: 78655.2 | AK74: 44915.6 | AL74: =AL17 -> 108000 | AM74: =+IFERROR(AL74/AK74,"----") -> 2.4045098 | AN74: 45642.4 | AO74: 35091.1 | AP74: =AP17 -> 0 | AQ74: =+IFERROR(AP74/AO74,"----") -> 0 | AR74: 80289.6 | AS74: 60131.2 | AT74: =AT17 -> 0 | AU74: =+IFERROR(AT74/AS74,"----") -> 0 | AV74: 138794 | AW74: 46604.9 | AX74: =AX17 -> 0 | AY74: =+IFERROR(AX74/AW74,"----") -> 0 | AZ74: =B74+F74+J74+N74+R74+V74+AB74+AF74+AJ74+AN74+AR74+AV74 -> 1063706.9 | BA74: =C74+G74+K74+O74+S74+W74+AC74+AG74+AK74+AO74+AS74+AW74 -> 747175 | BB74: =D74+H74+L74+P74+T74+X74+AD74+AH74+AL74+AP74+AT74+AX74 -> 760527.5 | BC74: 0
... A77: Zaab Eli | B77: 0 | C77: 179348 | D77: =D20 -> 168918.75 | E77: =+IFERROR(D77/C77,"----") -> 0.94184909 | F77: 0 | G77: 264529.2 | H77: =H20 -> 459112.5 | I77: =+IFERROR(H77/G77,"----") -> 1.7355834 | J77: 0 | K77: 208899.6 | L77: =L20 -> 402672.45 | M77: =+IFERROR(L77/K77,"----") -> 1.9275884 | N77: 0 | O77: 524940 | P77: =P20 -> 564569.9 | Q77: =+IFERROR(P77/O77,"----") -> 1.0754942 | R77: 0 | S77: 292001.4 | T77: =T20 -> 280350 | U77: =+IFERROR(T77/S77,"----") -> 0.96009814 | V77: 0 | W77: 247951.6 | X77: =X20 -> 341040 | Y77: =+IFERROR(X77/W77,"----") -> 1.3754297 | AA77: Zaab Eli | AB77: 0 | AC77: 646497.4 | AD77: =AD20 -> 509815.2 | AE77: =+IFERROR(AD77/AC77,"----") -> 0.78858043 | AF77: 0 | AG77: 194537.1 | AH77: =AH20 -> 443746.8 | AI77: =+IFERROR(AH77/AG77,"----") -> 2.2810395 | AJ77: 0 | AK77: 217829.95 | AL77: =AL20 -> 202920 | AM77: =+IFERROR(AL77/AK77,"----") -> 0.93155234 | AN77: 0 | AO77: 386488.5 | AP77: =AP20 -> 0 | AQ77: =+IFERROR(AP77/AO77,"----") -> 0 | AR77: 0 | AS77: 353193.75 | AT77: =AT20 -> 0 | AU77: =+IFERROR(AT77/AS77,"----") -> 0 | AV77: 0 | AW77: 541689.15 | AX77: =AX20 -> 0 | AY77: =+IFERROR(AX77/AW77,"----") -> 0 | AZ77: =B77+F77+J77+N77+R77+V77+AB77+AF77+AJ77+AN77+AR77+AV77 -> 0 | BA77: =C77+G77+K77+O77+S77+W77+AC77+AG77+AK77+AO77+AS77+AW77 -> 4057905.7 | BB77: =D77+H77+L77+P77+T77+X77+AD77+AH77+AL77+AP77+AT77+AX77 -> 3373145.6 | BC77: 0
A78: คำพูน | D78: =D21 -> 223195 | E78: =+IFERROR(D78/C78,"----") -> ---- | H78: =H21 -> 189210 | I78: =+IFERROR(H78/G78,"----") -> ---- | L78: =L21 -> 264838 | M78: =+IFERROR(L78/K78,"----") -> ---- | P78: =P21 -> 182273 | Q78: =+IFERROR(P78/O78,"----") -> ---- | T78: =T21 -> 267659 | U78: =+IFERROR(T78/S78,"----") -> ---- | X78: =X21 -> 156996.4 | Y78: =+IFERROR(X78/W78,"----") -> ---- | AA78: คำพูน | AD78: =AD21 -> 216591 | AE78: =+IFERROR(AD78/AC78,"----") -> ---- | AH78: =AH21 -> 268939.3 | AI78: =+IFERROR(AH78/AG78,"----") -> ---- | AL78: =AL21 -> 167637.2 | AM78: =+IFERROR(AL78/AK78,"----") -> ---- | AP78: =AP21 -> 0 | AQ78: =+IFERROR(AP78/AO78,"----") -> ---- | AT78: =AT21 -> 0 | AU78: =+IFERROR(AT78/AS78,"----") -> ---- | AX78: =AX21 -> 0 | AY78: =+IFERROR(AX78/AW78,"----") -> ---- | AZ78: =B78+F78+J78+N78+R78+V78+AB78+AF78+AJ78+AN78+AR78+AV78 -> 0 | BA78: =C78+G78+K78+O78+S78+W78+AC78+AG78+AK78+AO78+AS78+AW78 -> 0 | BB78: =D78+H78+L78+P78+T78+X78+AD78+AH78+AL78+AP78+AT78+AX78 -> 1937338.9 | BC78: 0
A79: other (อีซี่สเต็ก,คิงคอง,ซูกิซิ,เอสบีแอลจี,สีฟ้า,นิกิวาอิ,ราชารส,ชาบูเชน,ชาชิมิ) | B79: 57600 | C79: 65814 | D79: =D22 -> 49140 | E79: =+IFERROR(D79/C79,"----") -> 0.74664965 | F79: 64477.5 | G79: 26722.5 | H79: =H22 -> 28800 | I79: =+IFERROR(H79/G79,"----") -> 1.0777435 | J79: 59190.2 | K79: 44076.1 | L79: =L22 -> 28800 | M79: =+IFERROR(L79/K79,"----") -> 0.65341534 | N79: 72000 | O79: 77462.7 | P79: =P22 -> 44523 | Q79: =+IFERROR(P79/O79,"----") -> 0.57476695 | R79: 56892.5 | S79: 49959.9 | T79: =T22 -> 0 | U79: =+IFERROR(T79/S79,"----") -> 0 | V79: 91554.3 | W79: 59916.6 | X79: =X22 -> 56817.6 | Y79: =+IFERROR(X79/W79,"----") -> 0.94827811 | AA79: other (อีซี่สเต็ก,คิงคอง,ซูกิซิ,เอสบีแอลจี,สีฟ้า,นิกิวาอิ,ราชารส,ชาบูเชน,ชาชิมิ) | AB79: 94380 | AC79: 51811.4 | AD79: =AD22 -> 877608.4 | AE79: =+IFERROR(AD79/AC79,"----") -> 16.938519 | AF79: 67704 | AG79: 55992.3 | AH79: =AH22 -> 1172624 | AI79: =+IFERROR(AH79/AG79,"----") -> 20.942594 | AJ79: 86400 | AK79: 189919.9 | AL79: =AL22 -> 934548.9 | AM79: =+IFERROR(AL79/AK79,"----") -> 4.9207529 | AN79: 83257.5 | AO79: 200490.7 | AP79: =AP22 -> 0 | AQ79: =+IFERROR(AP79/AO79,"----") -> 0 | AR79: 65768 | AS79: 278343.9 | AT79: =AT22 -> 0 | AU79: =+IFERROR(AT79/AS79,"----") -> 0 | AV79: 154568.5 | AW79: 318630.5 | AX79: =AX22 -> 0 | AY79: =+IFERROR(AX79/AW79,"----") -> 0 | AZ79: =B79+F79+J79+N79+R79+V79+AB79+AF79+AJ79+AN79+AR79+AV79 -> 953792.5 | BA79: =C79+G79+K79+O79+S79+W79+AC79+AG79+AK79+AO79+AS79+AW79 -> 1419140.5 | BB79: =D79+H79+L79+P79+T79+X79+AD79+AH79+AL79+AP79+AT79+AX79 -> 3192861.9 | BC79: 0
A80: Supermarket | B80: 0 | C80: 0 | D80: =D23 -> 0 | E80: =+IFERROR(D80/C80,"----") -> ---- | F80: 0 | G80: 0 | H80: =H23 -> 0 | I80: =+IFERROR(H80/G80,"----") -> ---- | J80: 0 | K80: 0 | L80: =L23 -> 0 | M80: =+IFERROR(L80/K80,"----") -> ---- | N80: 0 | O80: 0 | P80: =P23 -> 0 | Q80: =+IFERROR(P80/O80,"----") -> ---- | R80: 0 | S80: 0 | T80: =T23 -> 0 | U80: =+IFERROR(T80/S80,"----") -> ---- | V80: 0 | W80: 0 | X80: =X23 -> 0 | Y80: =+IFERROR(X80/W80,"----") -> ---- | AA80: Supermarket | AB80: 0 | AC80: 0 | AD80: =AD23 -> 0 | AE80: =+IFERROR(AD80/AC80,"----") -> ---- | AF80: 0 | AG80: 0 | AH80: =AH23 -> 0 | AI80: =+IFERROR(AH80/AG80,"----") -> ---- | AJ80: 0 | AK80: 0 | AL80: =AL23 -> 0 | AM80: =+IFERROR(AL80/AK80,"----") -> ---- | AN80: 0 | AO80: 0 | AP80: =AP23 -> 0 | AQ80: =+IFERROR(AP80/AO80,"----") -> ---- | AR80: 0 | AS80: 0 | AT80: =AT23 -> 0 | AU80: =+IFERROR(AT80/AS80,"----") -> ---- | AV80: 0 | AW80: 0 | AX80: =AX23 -> 0 | AY80: =+IFERROR(AX80/AW80,"----") -> ---- | AZ80: =B80+F80+J80+N80+R80+V80+AB80+AF80+AJ80+AN80+AR80+AV80 -> 0 | BA80: =C80+G80+K80+O80+S80+W80+AC80+AG80+AK80+AO80+AS80+AW80 -> 0 | BB80: =D80+H80+L80+P80+T80+X80+AD80+AH80+AL80+AP80+AT80+AX80 -> 0 | BC80: 0
A81: Donki | B81: 525219.15 | C81: 679150 | D81: =D24 -> 649812 | E81: =+IFERROR(D81/C81,"----") -> 0.95680188 | F81: 407485.2 | G81: 537993 | H81: =H24 -> 492032 | I81: =+IFERROR(H81/G81,"----") -> 0.91456952 | J81: 504733.3 | K81: 541354 | L81: =L24 -> 913455 | M81: =+IFERROR(L81/K81,"----") -> 1.6873525 | N81: 1017826.9 | O81: 693544 | P81: =P24 -> 1028007 | Q81: =+IFERROR(P81/O81,"----") -> 1.482252 | R81: 594395.5 | S81: 578005 | T81: =T24 -> 459340 | U81: =+IFERROR(T81/S81,"----") -> 0.79469901 | V81: 475021.3 | W81: 459987 | X81: =X24 -> 372542 | Y81: =+IFERROR(X81/W81,"----") -> 0.8098968 | AA81: Donki | AB81: 736121 | AC81: 564489 | AD81: =AD24 -> 659202 | AE81: =+IFERROR(AD81/AC81,"----") -> 1.1677854 | AF81: 691221.6 | AG81: 734515 | AH81: =AH24 -> 577217 | AI81: =+IFERROR(AH81/AG81,"----") -> 0.7858478 | AJ81: 570332.1 | AK81: 668409 | AL81: =AL24 -> 384687 | AM81: =+IFERROR(AL81/AK81,"----") -> 0.57552636 | AN81: 704461.1 | AO81: 743607 | AP81: =AP24 -> 0 | AQ81: =+IFERROR(AP81/AO81,"----") -> 0 | AR81: 588673 | AS81: 551842 | AT81: =AT24 -> 0 | AU81: =+IFERROR(AT81/AS81,"----") -> 0 | AV81: 992577 | AW81: 836234 | AX81: =AX24 -> 0 | AY81: =+IFERROR(AX81/AW81,"----") -> 0 | AZ81: =B81+F81+J81+N81+R81+V81+AB81+AF81+AJ81+AN81+AR81+AV81 -> 7808067.1 | BA81: =C81+G81+K81+O81+S81+W81+AC81+AG81+AK81+AO81+AS81+AW81 -> 7589129 | BB81: =D81+H81+L81+P81+T81+X81+AD81+AH81+AL81+AP81+AT81+AX81 -> 5536294 | BC81: 0
A82: Themall | B82: 530192.26 | C82: 0 | D82: =D25 -> 0 | E82: =+IFERROR(D82/C82,"----") -> ---- | F82: 280346.26 | G82: 0 | H82: =H25 -> 0 | I82: =+IFERROR(H82/G82,"----") -> ---- | J82: 206785.28 | K82: 0 | L82: =L25 -> 14851.05 | M82: =+IFERROR(L82/K82,"----") -> ---- | N82: 17646.98 | O82: 0 | P82: =P25 -> 603.45 | Q82: =+IFERROR(P82/O82,"----") -> ---- | R82: 0 | S82: 0 | T82: =T25 -> 0 | U82: =+IFERROR(T82/S82,"----") -> ---- | V82: 0 | W82: 0 | X82: =X25 -> 0 | Y82: =+IFERROR(X82/W82,"----") -> ---- | AA82: Themall | AB82: 0 | AC82: 0 | AD82: =AD25 -> 0 | AE82: =+IFERROR(AD82/AC82,"----") -> ---- | AF82: 0 | AG82: 0 | AH82: =AH25 -> 0 | AI82: =+IFERROR(AH82/AG82,"----") -> ---- | AJ82: 0 | AK82: 0 | AL82: =AL25 -> 0 | AM82: =+IFERROR(AL82/AK82,"----") -> ---- | AN82: 0 | AO82: 11655 | AP82: =AP25 -> 0 | AQ82: =+IFERROR(AP82/AO82,"----") -> 0 | AR82: 0 | AS82: 240 | AT82: =AT25 -> 0 | AU82: =+IFERROR(AT82/AS82,"----") -> 0 | AV82: 0 | AW82: 0 | AX82: =AX25 -> 0 | AY82: =+IFERROR(AX82/AW82,"----") -> ---- | AZ82: =B82+F82+J82+N82+R82+V82+AB82+AF82+AJ82+AN82+AR82+AV82 -> 1034970.8 | BA82: =C82+G82+K82+O82+S82+W82+AC82+AG82+AK82+AO82+AS82+AW82 -> 11895 | BB82: =D82+H82+L82+P82+T82+X82+AD82+AH82+AL82+AP82+AT82+AX82 -> 15454.5 | BC82: 0
A83: Makro | B83: 2064987.6 | C83: 3007075.3 | D83: =D26 -> 2602656.2 | E83: =+IFERROR(D83/C83,"----") -> 0.86551082 | F83: 1410773.3 | G83: 2078998.9 | H83: =H26 -> 2151812 | I83: =+IFERROR(H83/G83,"----") -> 1.0350232 | J83: 2292310.7 | K83: 3036561.2 | L83: =L26 -> 3712128 | M83: =+IFERROR(L83/K83,"----") -> 1.2224776 | N83: 339672.08 | O83: 1179411.3 | P83: =P26 -> 1253592.7 | Q83: =+IFERROR(P83/O83,"----") -> 1.0628969 | R83: 3989623.9 | S83: 1874473.8 | T83: =T26 -> 1825594.3 | U83: =+IFERROR(T83/S83,"----") -> 0.97392358 | V83: 1975076.6 | W83: 1447181.8 | X83: =X26 -> 2088902.5 | Y83: =+IFERROR(X83/W83,"----") -> 1.4434278 | AA83: Makro | AB83: 1059525 | AC83: 2112487.6 | AD83: =AD26 -> 2751905 | AE83: =+IFERROR(AD83/AC83,"----") -> 1.3026846 | AF83: 624717.86 | AG83: 2911360.2 | AH83: =AH26 -> 3026469.8 | AI83: =+IFERROR(AH83/AG83,"----") -> 1.0395381 | AJ83: 1005460.6 | AK83: 1208491.9 | AL83: =AL26 -> 1410376.4 | AM83: =+IFERROR(AL83/AK83,"----") -> 1.1670549 | AN83: 1098361.4 | AO83: 1988738.4 | AP83: =AP26 -> 0 | AQ83: =+IFERROR(AP83/AO83,"----") -> 0 | AR83: 1538198.3 | AS83: 1953014.2 | AT83: =AT26 -> 0 | AU83: =+IFERROR(AT83/AS83,"----") -> 0 | AV83: 2320241.8 | AW83: 3183164.9 | AX83: =AX26 -> 0 | AY83: =+IFERROR(AX83/AW83,"----") -> 0 | AZ83: =B83+F83+J83+N83+R83+V83+AB83+AF83+AJ83+AN83+AR83+AV83 -> 19718949 | BA83: =C83+G83+K83+O83+S83+W83+AC83+AG83+AK83+AO83+AS83+AW83 -> 25980959 | BB83: =D83+H83+L83+P83+T83+X83+AD83+AH83+AL83+AP83+AT83+AX83 -> 20823437 | BC83: 0
A84: Rimping | B84: 258508.77 | C84: 146424.26 | D84: =D27 -> 128735.45 | E84: =+IFERROR(D84/C84,"----") -> 0.87919481 | F84: 181664.96 | G84: 124683.54 | H84: =H27 -> 95612.06 | I84: =+IFERROR(H84/G84,"----") -> 0.76683787 | J84: 152844.14 | K84: 76482.99 | L84: =L27 -> 71436.78 | M84: =+IFERROR(L84/K84,"----") -> 0.9340218 | N84: 128500.7 | O84: 90164.54 | P84: =P27 -> 46018.33 | Q84: =+IFERROR(P84/O84,"----") -> 0.51038169 | R84: 132484.71 | S84: 107013.83 | T84: =T27 -> 55836.47 | U84: =+IFERROR(T84/S84,"----") -> 0.52176873 | V84: 125505.9 | W84: 98537.37 | X84: =X27 -> 50829.07 | Y84: =+IFERROR(X84/W84,"----") -> 0.51583546 | AA84: Rimping | AB84: 115250.46 | AC84: 68575.1 | AD84: =AD27 -> 39574.72 | AE84: =+IFERROR(AD84/AC84,"----") -> 0.57710043 | AF84: 120473.92 | AG84: 70700.08 | AH84: =AH27 -> 63017.07 | AI84: =+IFERROR(AH84/AG84,"----") -> 0.89132954 | AJ84: 130121.69 | AK84: 81381.69 | AL84: =AL27 -> 77824.23 | AM84: =+IFERROR(AL84/AK84,"----") -> 0.95628673 | AN84: 95397.23 | AO84: 83212.72 | AP84: =AP27 -> 0 | AQ84: =+IFERROR(AP84/AO84,"----") -> 0 | AR84: 96327.88 | AS84: 63012.78 | AT84: =AT27 -> 0 | AU84: =+IFERROR(AT84/AS84,"----") -> 0 | AV84: 89694.24 | AW84: 78344.49 | AX84: =AX27 -> 0 | AY84: =+IFERROR(AX84/AW84,"----") -> 0 | AZ84: =B84+F84+J84+N84+R84+V84+AB84+AF84+AJ84+AN84+AR84+AV84 -> 1626774.6 | BA84: =C84+G84+K84+O84+S84+W84+AC84+AG84+AK84+AO84+AS84+AW84 -> 1088533.4 | BB84: =D84+H84+L84+P84+T84+X84+AD84+AH84+AL84+AP84+AT84+AX84 -> 628884.18 | BC84: 0
A85: Maxvalue | B85: 58733.64 | C85: 0 | D85: =D28 -> 0 | E85: =+IFERROR(D85/C85,"----") -> ---- | F85: 0 | G85: 0 | H85: =H28 -> 0 | I85: =+IFERROR(H85/G85,"----") -> ---- | J85: 0 | K85: 0 | L85: =L28 -> 0 | M85: =+IFERROR(L85/K85,"----") -> ---- | N85: 0 | O85: 0 | P85: =P28 -> 0 | Q85: =+IFERROR(P85/O85,"----") -> ---- | R85: 0 | S85: 578005 | T85: =T28 -> 0 | U85: =+IFERROR(T85/S85,"----") -> 0 | V85: 0 | W85: 0 | X85: =X28 -> 0 | Y85: =+IFERROR(X85/W85,"----") -> ---- | AA85: Maxvalue | AB85: 0 | AC85: 0 | AD85: =AD28 -> 0 | AE85: =+IFERROR(AD85/AC85,"----") -> ---- | AF85: 0 | AG85: 0 | AH85: =AH28 -> 0 | AI85: =+IFERROR(AH85/AG85,"----") -> ---- | AJ85: 0 | AK85: 0 | AL85: =AL28 -> 0 | AM85: =+IFERROR(AL85/AK85,"----") -> ---- | AN85: 0 | AO85: 0 | AP85: =AP28 -> 0 | AQ85: =+IFERROR(AP85/AO85,"----") -> ---- | AR85: 0 | AS85: 0 | AT85: =AT28 -> 0 | AU85: =+IFERROR(AT85/AS85,"----") -> ---- | AV85: 0 | AW85: 0 | AX85: =AX28 -> 0 | AY85: =+IFERROR(AX85/AW85,"----") -> ---- | AZ85: =B85+F85+J85+N85+R85+V85+AB85+AF85+AJ85+AN85+AR85+AV85 -> 58733.64 | BA85: =C85+G85+K85+O85+S85+W85+AC85+AG85+AK85+AO85+AS85+AW85 -> 578005 | BB85: =D85+H85+L85+P85+T85+X85+AD85+AH85+AL85+AP85+AT85+AX85 -> 0 | BC85: 0
A86: Central food | B86: 0 | C86: 0 | D86: =D29 -> 0 | E86: =+IFERROR(D86/C86,"----") -> ---- | F86: 0 | G86: 0 | H86: =H29 -> 0 | I86: =+IFERROR(H86/G86,"----") -> ---- | J86: 0 | K86: 0 | L86: =L29 -> 0 | M86: =+IFERROR(L86/K86,"----") -> ---- | N86: 0 | O86: 0 | P86: =P29 -> 0 | Q86: =+IFERROR(P86/O86,"----") -> ---- | R86: 0 | S86: 0 | T86: =T29 -> 0 | U86: =+IFERROR(T86/S86,"----") -> ---- | V86: 0 | W86: 0 | X86: =X29 -> 0 | Y86: =+IFERROR(X86/W86,"----") -> ---- | AA86: Central food | AB86: 0 | AC86: 0 | AD86: =AD29 -> 0 | AE86: =+IFERROR(AD86/AC86,"----") -> ---- | AF86: 0 | AG86: 0 | AH86: =AH29 -> 0 | AI86: =+IFERROR(AH86/AG86,"----") -> ---- | AJ86: 0 | AK86: 0 | AL86: =AL29 -> 0 | AM86: =+IFERROR(AL86/AK86,"----") -> ---- | AN86: 0 | AO86: 0 | AP86: =AP29 -> 0 | AQ86: =+IFERROR(AP86/AO86,"----") -> ---- | AR86: 0 | AS86: 0 | AT86: =AT29 -> 0 | AU86: =+IFERROR(AT86/AS86,"----") -> ---- | AV86: 0 | AW86: 0 | AX86: =AX29 -> 0 | AY86: =+IFERROR(AX86/AW86,"----") -> ---- | AZ86: =B86+F86+J86+N86+R86+V86+AB86+AF86+AJ86+AN86+AR86+AV86 -> 0 | BA86: =C86+G86+K86+O86+S86+W86+AC86+AG86+AK86+AO86+AS86+AW86 -> 0 | BB86: =D86+H86+L86+P86+T86+X86+AD86+AH86+AL86+AP86+AT86+AX86 -> 0 | BC86: 0
A87: Other (เจแวลู,ยูเนี่ยนพี) | B87: 8302.5 | C87: 5010 | D87: =D30 -> 3066.23 | E87: =+IFERROR(D87/C87,"----") -> 0.61202196 | F87: 13427.5 | G87: 5155 | H87: =H30 -> 13877.64 | I87: =+IFERROR(H87/G87,"----") -> 2.6920737 | J87: 8977.5 | K87: 5190 | L87: =L30 -> 21623.75 | M87: =+IFERROR(L87/K87,"----") -> 4.1664258 | N87: 44015 | O87: 0 | P87: =P30 -> 5610 | Q87: =+IFERROR(P87/O87,"----") -> ---- | R87: 22969 | S87: 5043 | T87: =T30 -> 5960 | U87: =+IFERROR(T87/S87,"----") -> 1.1818362 | V87: 5998 | W87: 0 | X87: =X30 -> 12796 | Y87: =+IFERROR(X87/W87,"----") -> ---- | AA87: Other (เจแวลู,ยูเนี่ยนพี) | AB87: 7038 | AC87: 5078 | AD87: =AD30 -> 14964 | AE87: =+IFERROR(AD87/AC87,"----") -> 2.9468295 | AF87: 18600 | AG87: 0 | AH87: =AH30 -> 20070 | AI87: =+IFERROR(AH87/AG87,"----") -> ---- | AJ87: 7555 | AK87: 4968 | AL87: =AL30 -> 10314 | AM87: =+IFERROR(AL87/AK87,"----") -> 2.076087 | AN87: 5099 | AO87: 10127 | AP87: =AP30 -> 0 | AQ87: =+IFERROR(AP87/AO87,"----") -> 0 | AR87: 4995 | AS87: 9956 | AT87: =AT30 -> 0 | AU87: =+IFERROR(AT87/AS87,"----") -> 0 | AV87: 3758 | AW87: 9761.46 | AX87: =AX30 -> 0 | AY87: =+IFERROR(AX87/AW87,"----") -> 0 | AZ87: =B87+F87+J87+N87+R87+V87+AB87+AF87+AJ87+AN87+AR87+AV87 -> 150734.5 | BA87: =C87+G87+K87+O87+S87+W87+AC87+AG87+AK87+AO87+AS87+AW87 -> 60288.46 | BB87: =D87+H87+L87+P87+T87+X87+AD87+AH87+AL87+AP87+AT87+AX87 -> 108281.62 | BC87: 0
A88: Agency | B88: 0 | C88: 0 | D88: =D31 -> 0 | E88: =+IFERROR(D88/C88,"----") -> ---- | F88: 0 | G88: 0 | H88: =H31 -> 0 | I88: =+IFERROR(H88/G88,"----") -> ---- | J88: 0 | K88: 0 | L88: =L31 -> 0 | M88: =+IFERROR(L88/K88,"----") -> ---- | N88: 0 | O88: 0 | P88: =P31 -> 0 | Q88: =+IFERROR(P88/O88,"----") -> ---- | R88: 0 | S88: 0 | T88: =T31 -> 0 | U88: =+IFERROR(T88/S88,"----") -> ---- | V88: 0 | W88: 0 | X88: =X31 -> 0 | Y88: =+IFERROR(X88/W88,"----") -> ---- | AA88: Agency | AB88: 0 | AC88: 0 | AD88: =AD31 -> 0 | AE88: =+IFERROR(AD88/AC88,"----") -> ---- | AF88: 0 | AG88: 0 | AH88: =AH31 -> 0 | AI88: =+IFERROR(AH88/AG88,"----") -> ---- | AJ88: 0 | AK88: 0 | AL88: =AL31 -> 0 | AM88: =+IFERROR(AL88/AK88,"----") -> ---- | AN88: 0 | AO88: 0 | AP88: =AP31 -> 0 | AQ88: =+IFERROR(AP88/AO88,"----") -> ---- | AR88: 0 | AS88: 0 | AT88: =AT31 -> 0 | AU88: =+IFERROR(AT88/AS88,"----") -> ---- | AV88: 0 | AW88: 0 | AX88: =AX31 -> 0 | AY88: =+IFERROR(AX88/AW88,"----") -> ---- | AZ88: =B88+F88+J88+N88+R88+V88+AB88+AF88+AJ88+AN88+AR88+AV88 -> 0 | BA88: =C88+G88+K88+O88+S88+W88+AC88+AG88+AK88+AO88+AS88+AW88 -> 0 | BB88: =D88+H88+L88+P88+T88+X88+AD88+AH88+AL88+AP88+AT88+AX88 -> 0 | BC88: 0
A89: Panfood | B89: 224508.4 | C89: 690431.5 | D89: =D32 -> 181674.1 | E89: =+IFERROR(D89/C89,"----") -> 0.26313124 | F89: 256929.5 | G89: 503999.1 | H89: =H32 -> 542511.7 | I89: =+IFERROR(H89/G89,"----") -> 1.076414 | J89: 224118.8 | K89: 260504.9 | L89: =L32 -> 240663.5 | M89: =+IFERROR(L89/K89,"----") -> 0.92383483 | N89: 218281.7 | O89: 19443.4 | P89: =P32 -> 469387.2 | Q89: =+IFERROR(P89/O89,"----") -> 24.14121 | R89: 281942.1 | S89: 343575.7 | T89: =T32 -> 406898.5 | U89: =+IFERROR(T89/S89,"----") -> 1.1843052 | V89: 243716.2 | W89: 418364 | X89: =X32 -> 44574 | Y89: =+IFERROR(X89/W89,"----") -> 0.10654358 | AA89: Panfood | AB89: 176540.2 | AC89: 241266.2 | AD89: =AD32 -> 422701.7 | AE89: =+IFERROR(AD89/AC89,"----") -> 1.7520138 | AF89: 240006.9 | AG89: 320946.3 | AH89: =AH32 -> 398179.4 | AI89: =+IFERROR(AH89/AG89,"----") -> 1.2406418 | AJ89: 178309 | AK89: 605071.7 | AL89: =AL32 -> 0 | AM89: =+IFERROR(AL89/AK89,"----") -> 0 | AN89: 272082.5 | AO89: 510869.5 | AP89: =AP32 -> 0 | AQ89: =+IFERROR(AP89/AO89,"----") -> 0 | AR89: 205485.9 | AS89: 374325.3 | AT89: =AT32 -> 0 | AU89: =+IFERROR(AT89/AS89,"----") -> 0 | AV89: 271056.7 | AW89: 373026.1 | AX89: =AX32 -> 0 | AY89: =+IFERROR(AX89/AW89,"----") -> 0 | AZ89: =B89+F89+J89+N89+R89+V89+AB89+AF89+AJ89+AN89+AR89+AV89 -> 2792977.9 | BA89: =C89+G89+K89+O89+S89+W89+AC89+AG89+AK89+AO89+AS89+AW89 -> 4661823.7 | BB89: =D89+H89+L89+P89+T89+X89+AD89+AH89+AL89+AP89+AT89+AX89 -> 2706590.1 | BC89: 0
A90: Siam Food | B90: 0 | C90: 0 | D90: =D33 -> 0 | E90: =+IFERROR(D90/C90,"----") -> ---- | F90: 0 | G90: 0 | H90: =H33 -> 0 | I90: =+IFERROR(H90/G90,"----") -> ---- | J90: 0 | K90: 0 | L90: =L33 -> 0 | M90: =+IFERROR(L90/K90,"----") -> ---- | N90: 0 | O90: 0 | P90: =P33 -> 0 | Q90: =+IFERROR(P90/O90,"----") -> ---- | R90: 0 | S90: 0 | T90: =T33 -> 0 | U90: =+IFERROR(T90/S90,"----") -> ---- | V90: 0 | W90: 0 | X90: =X33 -> 0 | Y90: =+IFERROR(X90/W90,"----") -> ---- | AA90: Siam Food | AB90: 0 | AC90: 0 | AD90: =AD33 -> 0 | AE90: =+IFERROR(AD90/AC90,"----") -> ---- | AF90: 0 | AG90: 0 | AH90: =AH33 -> 0 | AI90: =+IFERROR(AH90/AG90,"----") -> ---- | AJ90: 0 | AK90: 0 | AL90: =AL33 -> 0 | AM90: =+IFERROR(AL90/AK90,"----") -> ---- | AN90: 0 | AO90: 0 | AP90: =AP33 -> 0 | AQ90: =+IFERROR(AP90/AO90,"----") -> ---- | AR90: 0 | AS90: 0 | AT90: =AT33 -> 0 | AU90: =+IFERROR(AT90/AS90,"----") -> ---- | AV90: 0 | AW90: 0 | AX90: =AX33 -> 0 | AY90: =+IFERROR(AX90/AW90,"----") -> ---- | AZ90: =B90+F90+J90+N90+R90+V90+AB90+AF90+AJ90+AN90+AR90+AV90 -> 0 | BA90: =C90+G90+K90+O90+S90+W90+AC90+AG90+AK90+AO90+AS90+AW90 -> 0 | BB90: =D90+H90+L90+P90+T90+X90+AD90+AH90+AL90+AP90+AT90+AX90 -> 0 | BC90: 0
... A92: KK &K | B92: 73632 | C92: 0 | D92: =D35 -> 0 | E92: =+IFERROR(D92/C92,"----") -> ---- | F92: 351321.5 | G92: 0 | H92: =H35 -> 0 | I92: =+IFERROR(H92/G92,"----") -> ---- | J92: 51284.8 | K92: 0 | L92: =L35 -> 0 | M92: =+IFERROR(L92/K92,"----") -> ---- | N92: 220984.6 | O92: 0 | P92: =P35 -> 0 | Q92: =+IFERROR(P92/O92,"----") -> ---- | R92: 456034 | S92: 0 | T92: =T35 -> 0 | U92: =+IFERROR(T92/S92,"----") -> ---- | V92: 9033.6 | W92: 0 | X92: =X35 -> 0 | Y92: =+IFERROR(X92/W92,"----") -> ---- | AA92: KK &K | AB92: 14117 | AC92: 0 | AD92: =AD35 -> 0 | AE92: =+IFERROR(AD92/AC92,"----") -> ---- | AF92: 11050 | AG92: 0 | AH92: =AH35 -> 0 | AI92: =+IFERROR(AH92/AG92,"----") -> ---- | AJ92: 13406 | AK92: 1359.8 | AL92: =AL35 -> 0 | AM92: =+IFERROR(AL92/AK92,"----") -> 0 | AN92: 45040 | AO92: 0 | AP92: =AP35 -> 0 | AQ92: =+IFERROR(AP92/AO92,"----") -> ---- | AR92: 160136.55 | AS92: 0 | AT92: =AT35 -> 0 | AU92: =+IFERROR(AT92/AS92,"----") -> ---- | AV92: 0 | AW92: 0 | AX92: =AX35 -> 0 | AY92: =+IFERROR(AX92/AW92,"----") -> ---- | AZ92: =B92+F92+J92+N92+R92+V92+AB92+AF92+AJ92+AN92+AR92+AV92 -> 1406040.1 | BA92: =C92+G92+K92+O92+S92+W92+AC92+AG92+AK92+AO92+AS92+AW92 -> 1359.8 | BB92: =D92+H92+L92+P92+T92+X92+AD92+AH92+AL92+AP92+AT92+AX92 -> 0 | BC92: 0
A93: รสดีเด็ด | B93: 47483.5 | C93: 66470 | D93: =D36 -> 63204 | E93: =+IFERROR(D93/C93,"----") -> 0.95086505 | F93: 53578.5 | G93: 141059 | H93: =H36 -> 120048.5 | I93: =+IFERROR(H93/G93,"----") -> 0.85105169 | J93: 79994 | K93: 73738 | L93: =L36 -> 69115 | M93: =+IFERROR(L93/K93,"----") -> 0.93730505 | N93: 132744.5 | O93: 55671.5 | P93: =P36 -> 66228.5 | Q93: =+IFERROR(P93/O93,"----") -> 1.1896302 | R93: 57500 | S93: 70518 | T93: =T35 -> 0 | U93: =+IFERROR(T93/S93,"----") -> 0 | V93: 64308 | W93: 124706 | X93: =X36 -> 70138.5 | Y93: =+IFERROR(X93/W93,"----") -> 0.56243084 | AA93: รสดีเด็ด | AB93: 118979 | AC93: 123107.5 | AD93: =AD36 -> 139874.5 | AE93: =+IFERROR(AD93/AC93,"----") -> 1.136198 | AF93: 123866.5 | AG93: 60087.5 | AH93: =AH36 -> 69989 | AI93: =+IFERROR(AH93/AG93,"----") -> 1.1647847 | AJ93: 68850.5 | AK93: 57994.5 | AL93: =AL36 -> 70219 | AM93: =+IFERROR(AL93/AK93,"----") -> 1.2107872 | AN93: 120554.5 | AO93: 57293 | AP93: =AP36 -> 0 | AQ93: =+IFERROR(AP93/AO93,"----") -> 0 | AR93: 68068.5 | AS93: 95013 | AT93: =AT36 -> 0 | AU93: =+IFERROR(AT93/AS93,"----") -> 0 | AV93: 132595 | AW93: 132813.5 | AX93: =AX36 -> 0 | AY93: =+IFERROR(AX93/AW93,"----") -> 0 | AZ93: =B93+F93+J93+N93+R93+V93+AB93+AF93+AJ93+AN93+AR93+AV93 -> 1068522.5 | BA93: =C93+G93+K93+O93+S93+W93+AC93+AG93+AK93+AO93+AS93+AW93 -> 1058471.5 | BB93: =D93+H93+L93+P93+T93+X93+AD93+AH93+AL93+AP93+AT93+AX93 -> 668817 | BC93: 0
A94: จาโกต้า | B94: 0 | C94: 0 | D94: =D37 -> 0 | E94: =+IFERROR(D94/C94,"----") -> ---- | F94: 0 | G94: 0 | H94: =H37 -> 0 | I94: =+IFERROR(H94/G94,"----") -> ---- | J94: 0 | K94: 0 | L94: =L37 -> 0 | M94: =+IFERROR(L94/K94,"----") -> ---- | N94: 0 | O94: 0 | P94: =P37 -> 0 | Q94: =+IFERROR(P94/O94,"----") -> ---- | R94: 0 | S94: 0 | T94: =T37 -> 0 | U94: =+IFERROR(T94/S94,"----") -> ---- | V94: 0 | W94: 0 | X94: =X37 -> 0 | Y94: =+IFERROR(X94/W94,"----") -> ---- | AA94: จาโกต้า | AB94: 0 | AC94: 0 | AD94: =AD37 -> 0 | AE94: =+IFERROR(AD94/AC94,"----") -> ---- | AF94: 0 | AG94: 0 | AH94: =AH37 -> 0 | AI94: =+IFERROR(AH94/AG94,"----") -> ---- | AJ94: 0 | AK94: 0 | AL94: =AL37 -> 0 | AM94: =+IFERROR(AL94/AK94,"----") -> ---- | AN94: 0 | AO94: 0 | AP94: =AP37 -> 0 | AQ94: =+IFERROR(AP94/AO94,"----") -> ---- | AR94: 0 | AS94: 0 | AT94: =AT37 -> 0 | AU94: =+IFERROR(AT94/AS94,"----") -> ---- | AV94: 0 | AW94: 0 | AX94: =AX37 -> 0 | AY94: =+IFERROR(AX94/AW94,"----") -> ---- | AZ94: =B94+F94+J94+N94+R94+V94+AB94+AF94+AJ94+AN94+AR94+AV94 -> 0 | BA94: =C94+G94+K94+O94+S94+W94+AC94+AG94+AK94+AO94+AS94+AW94 -> 0 | BB94: =D94+H94+L94+P94+T94+X94+AD94+AH94+AL94+AP94+AT94+AX94 -> 0 | BC94: 0
A95: สยามสมุทรวาริน | B95: 0 | C95: 118278 | D95: =D38 -> 286785.4 | E95: =+IFERROR(D95/C95,"----") -> 2.4246724 | F95: 0 | G95: 233490 | H95: =H38 -> 178833.7 | I95: =+IFERROR(H95/G95,"----") -> 0.76591589 | J95: 0 | K95: 251364 | L95: =L38 -> 175301.8 | M95: =+IFERROR(L95/K95,"----") -> 0.69740217 | N95: 0 | O95: 210540 | P95: =P38 -> 249892.6 | Q95: =+IFERROR(P95/O95,"----") -> 1.1869127 | R95: 0 | S95: 157530 | T95: =T38 -> 324330.9 | U95: =+IFERROR(T95/S95,"----") -> 2.0588516 | V95: 0 | W95: 123690 | X95: =X38 -> 373545.7 | Y95: =+IFERROR(X95/W95,"----") -> 3.0200154 | AA95: สยามสมุทรวาริน | AB95: 0 | AC95: 184308 | AD95: =AD38 -> 64753.35 | AE95: =+IFERROR(AD95/AC95,"----") -> 0.35133228 | AF95: 0 | AG95: 184572 | AH95: =AH38 -> 323280.9 | AI95: =+IFERROR(AH95/AG95,"----") -> 1.7515165 | AJ95: 0 | AK95: 152256 | AL95: =AL38 -> 260501.7 | AM95: =+IFERROR(AL95/AK95,"----") -> 1.7109454 | AN95: 0 | AO95: 203052 | AP95: =AP38 -> 0 | AQ95: =+IFERROR(AP95/AO95,"----") -> 0 | AR95: 0 | AS95: 94781.8 | AT95: =AT38 -> 0 | AU95: =+IFERROR(AT95/AS95,"----") -> 0 | AV95: 0 | AW95: 262757.5 | AX95: =AX38 -> 0 | AY95: =+IFERROR(AX95/AW95,"----") -> 0 | AZ95: =B95+F95+J95+N95+R95+V95+AB95+AF95+AJ95+AN95+AR95+AV95 -> 0 | BA95: =C95+G95+K95+O95+S95+W95+AC95+AG95+AK95+AO95+AS95+AW95 -> 2176619.3 | BB95: =D95+H95+L95+P95+T95+X95+AD95+AH95+AL95+AP95+AT95+AX95 -> 2237226.1 | BC95: 0
A96: ฟู๊ดคลาสสิค | B96: 5400 | C96: 10608 | D96: =D39 -> 0 | E96: =+IFERROR(D96/C96,"----") -> 0 | F96: 14309.5 | G96: 22478.5 | H96: =H39 -> 13984 | I96: =+IFERROR(H96/G96,"----") -> 0.62210557 | J96: 22511.5 | K96: 0 | L96: =L39 -> 0 | M96: =+IFERROR(L96/K96,"----") -> ---- | N96: 14291.2 | O96: 0 | P96: =P39 -> 12320 | Q96: =+IFERROR(P96/O96,"----") -> ---- | R96: 35947 | S96: 0 | T96: =T39 -> 0 | U96: =+IFERROR(T96/S96,"----") -> ---- | V96: 10002.5 | W96: 0 | X96: =X39 -> 0 | Y96: =+IFERROR(X96/W96,"----") -> ---- | AA96: ฟู๊ดคลาสสิค | AB96: 20771.22 | AC96: 0 | AD96: =AD39 -> 0 | AE96: =+IFERROR(AD96/AC96,"----") -> ---- | AF96: 19765 | AG96: 0 | AH96: =AH39 -> 0 | AI96: =+IFERROR(AH96/AG96,"----") -> ---- | AJ96: 15657 | AK96: 0 | AL96: =AL39 -> 0 | AM96: =+IFERROR(AL96/AK96,"----") -> ---- | AN96: 27826.95 | AO96: 0 | AP96: =AP39 -> 0 | AQ96: =+IFERROR(AP96/AO96,"----") -> ---- | AR96: 16320 | AS96: 0 | AT96: =AT39 -> 0 | AU96: =+IFERROR(AT96/AS96,"----") -> ---- | AV96: 14528.9 | AW96: 0 | AX96: =AX39 -> 0 | AY96: =+IFERROR(AX96/AW96,"----") -> ---- | AZ96: =B96+F96+J96+N96+R96+V96+AB96+AF96+AJ96+AN96+AR96+AV96 -> 217330.77 | BA96: =C96+G96+K96+O96+S96+W96+AC96+AG96+AK96+AO96+AS96+AW96 -> 33086.5 | BB96: =D96+H96+L96+P96+T96+X96+AD96+AH96+AL96+AP96+AT96+AX96 -> 26304 | BC96: 0
A97: 786 ฮาลาล | B97: 5160 | C97: 358594.8 | D97: =D40 -> 366226.2 | E97: =+IFERROR(D97/C97,"----") -> 1.0212814 | F97: 60674 | G97: 91674 | H97: =H40 -> 69518.8 | I97: =+IFERROR(H97/G97,"----") -> 0.75832624 | J97: 108847.6 | K97: 175358 | L97: =L40 -> 583510.55 | M97: =+IFERROR(L97/K97,"----") -> 3.3275388 | N97: 184834 | O97: 145344.4 | P97: =P40 -> 177241.25 | Q97: =+IFERROR(P97/O97,"----") -> 1.219457 | R97: 152928.6 | S97: 86594 | T97: =T40 -> 194903.2 | U97: =+IFERROR(T97/S97,"----") -> 2.2507703 | V97: 0 | W97: 61092 | X97: =X40 -> 280765.95 | Y97: =+IFERROR(X97/W97,"----") -> 4.5957891 | AA97: 786 ฮาลาล | AB97: 180119 | AC97: 119983.2 | AD97: =AD40 -> 192457.35 | AE97: =+IFERROR(AD97/AC97,"----") -> 1.6040358 | AF97: 178872 | AG97: 348241.7 | AH97: =AH40 -> 241953.1 | AI97: =+IFERROR(AH97/AG97,"----") -> 0.69478497 | AJ97: 181317.4 | AK97: 75332.9 | AL97: =AL40 -> 166957.55 | AM97: =+IFERROR(AL97/AK97,"----") -> 2.2162634 | AN97: 0 | AO97: 75097.6 | AP97: =AP40 -> 0 | AQ97: =+IFERROR(AP97/AO97,"----") -> 0 | AR97: 88002 | AS97: 274060.4 | AT97: =AT40 -> 0 | AU97: =+IFERROR(AT97/AS97,"----") -> 0 | AV97: 211264.6 | AW97: 117902.4 | AX97: =AX40 -> 0 | AY97: =+IFERROR(AX97/AW97,"----") -> 0 | AZ97: =B97+F97+J97+N97+R97+V97+AB97+AF97+AJ97+AN97+AR97+AV97 -> 1352019.2 | BA97: =C97+G97+K97+O97+S97+W97+AC97+AG97+AK97+AO97+AS97+AW97 -> 1929275.4 | BB97: =D97+H97+L97+P97+T97+X97+AD97+AH97+AL97+AP97+AT97+AX97 -> 2273533.9 | BC97: 0
A98: เอกพจน์ | B98: 122604 | C98: 219120 | D98: =D41 -> 555084 | E98: =+IFERROR(D98/C98,"----") -> 2.5332421 | F98: 278802 | G98: 276133 | H98: =H41 -> 370656 | I98: =+IFERROR(H98/G98,"----") -> 1.3423097 | J98: 441380.5 | K98: 221919.5 | L98: =L41 -> 299125.7 | M98: =+IFERROR(L98/K98,"----") -> 1.3479018 | N98: 555494.5 | O98: 0 | P98: =P41 -> 594030 | Q98: =+IFERROR(P98/O98,"----") -> ---- | R98: 320265 | S98: 172155.5 | T98: =T41 -> 525257.4 | U98: =+IFERROR(T98/S98,"----") -> 3.0510637 | V98: 274642.5 | W98: 168844.5 | X98: =X41 -> 297360 | Y98: =+IFERROR(X98/W98,"----") -> 1.7611471 | AA98: เอกพจน์ | AB98: 690687 | AC98: 388355 | AD98: =AD41 -> 701393.1 | AE98: =+IFERROR(AD98/AC98,"----") -> 1.8060617 | AF98: 214959.5 | AG98: 139309.5 | AH98: =AH41 -> 596178 | AI98: =+IFERROR(AH98/AG98,"----") -> 4.2795215 | AJ98: 228558 | AK98: 476580.5 | AL98: =AL41 -> 0 | AM98: =+IFERROR(AL98/AK98,"----") -> 0 | AN98: 500142.5 | AO98: 450604 | AP98: =AP41 -> 0 | AQ98: =+IFERROR(AP98/AO98,"----") -> 0 | AR98: 182226 | AS98: 404096 | AT98: =AT41 -> 0 | AU98: =+IFERROR(AT98/AS98,"----") -> 0 | AV98: 110555.5 | AW98: 273388.5 | AX98: =AX41 -> 0 | AY98: =+IFERROR(AX98/AW98,"----") -> 0 | AZ98: =B98+F98+J98+N98+R98+V98+AB98+AF98+AJ98+AN98+AR98+AV98 -> 3920317 | BA98: =C98+G98+K98+O98+S98+W98+AC98+AG98+AK98+AO98+AS98+AW98 -> 3190506 | BB98: =D98+H98+L98+P98+T98+X98+AD98+AH98+AL98+AP98+AT98+AX98 -> 3939084.2 | BC98: 0
A99: แจลลุกซ์ | B99: 94522.75 | C99: 0 | D99: =D42 -> 0 | E99: =+IFERROR(D99/C99,"----") -> ---- | F99: 88672 | G99: 0 | H99: =H42 -> 0 | I99: =+IFERROR(H99/G99,"----") -> ---- | J99: 129731 | K99: 0 | L99: =L42 -> 0 | M99: =+IFERROR(L99/K99,"----") -> ---- | N99: 0 | O99: 0 | P99: =P42 -> 0 | Q99: =+IFERROR(P99/O99,"----") -> ---- | R99: 139308.25 | S99: 0 | T99: =T42 -> 0 | U99: =+IFERROR(T99/S99,"----") -> ---- | V99: 0 | W99: 0 | X99: =X42 -> 0 | Y99: =+IFERROR(X99/W99,"----") -> ---- | AA99: แจลลุกซ์ | AB99: 12100.25 | AC99: 0 | AD99: =AD42 -> 89210.5 | AE99: =+IFERROR(AD99/AC99,"----") -> ---- | AF99: 11078 | AG99: 0 | AH99: =AH42 -> 107012.4 | AI99: =+IFERROR(AH99/AG99,"----") -> ---- | AJ99: 0 | AK99: 0 | AL99: =AL42 -> 0 | AM99: =+IFERROR(AL99/AK99,"----") -> ---- | AN99: 12803.5 | AO99: 0 | AP99: =AP42 -> 0 | AQ99: =+IFERROR(AP99/AO99,"----") -> ---- | AR99: 0 | AS99: 0 | AT99: =AT42 -> 0 | AU99: =+IFERROR(AT99/AS99,"----") -> ---- | AW99: 0 | AX99: =AX42 -> 0 | AY99: =+IFERROR(AX99/AW99,"----") -> ---- | AZ99: =B99+F99+J99+N99+R99+V99+AB99+AF99+AJ99+AN99+AR99+AV99 -> 488215.75 | BA99: =C99+G99+K99+O99+S99+W99+AC99+AG99+AK99+AO99+AS99+AW99 -> 0 | BB99: =D99+H99+L99+P99+T99+X99+AD99+AH99+AL99+AP99+AT99+AX99 -> 196222.9 | BC99: 0
A100: เอบิซึ | B100: 0 | C100: 3244358.7 | D100: =D43 -> 103493.95 | E100: =+IFERROR(D100/B100,"----") -> ---- | F100: 0 | G100: 1883535.8 | H100: =H43 -> 0 | I100: =+IFERROR(H100/F100,"----") -> ---- | J100: 0 | K100: 1069200 | L100: =L43 -> 0 | M100: =+IFERROR(L100/J100,"----") -> ---- | N100: 0 | O100: 0 | P100: =P43 -> 99425.9 | Q100: =+IFERROR(P100/N100,"----") -> ---- | R100: 0 | S100: 0 | T100: =T43 -> 0 | U100: =+IFERROR(T100/R100,"----") -> ---- | V100: 0 | W100: 81200 | X100: =X43 -> 0 | Y100: =+IFERROR(X100/V100,"----") -> ---- | AA100: เอบีซึ | AB100: 0 | AC100: 198526.75 | AD100: =AD43 -> 100903.4 | AE100: =+IFERROR(AD100/AB100,"----") -> ---- | AF100: 0 | AG100: 0 | AH100: =AH43 -> 0 | AI100: =+IFERROR(AH100/AF100,"----") -> ---- | AJ100: 0 | AK100: 0 | AL100: =AL43 -> 0 | AM100: =+IFERROR(AL100/AJ100,"----") -> ---- | AN100: 120208 | AO100: 0 | AP100: =AP43 -> 0 | AQ100: =+IFERROR(AP100/AN100,"----") -> 0 | AR100: 3081875.6 | AS100: 183988.15 | AT100: =AT43 -> 0 | AU100: =+IFERROR(AT100/AR100,"----") -> 0 | AV100: 3074008.8 | AW100: 179082.85 | AX100: =AX43 -> 0 | AY100: =+IFERROR(AX100/AV100,"----") -> 0 | AZ100: =B100+F100+J100+N100+R100+V100+AB100+AF100+AJ100+AN100+AR100+AV100 -> 6276092.4 | BA100: =C100+G100+K100+O100+S100+W100+AC100+AG100+AK100+AO100+AS100+AW100 -> 6839892.2 | BB100: =D100+H100+L100+P100+T100+X100+AD100+AH100+AL100+AP100+AT100+AX100 -> 303823.25 | BC100: 0
A101: other (บีฟบราเทอร์,เดอะพีเคแอลเจ,อังคณา,โตโยต้าทูโช่,โดโบกุ,เดอะฟู๊ดเวิร์ค,สุภัทรีย์) | B101: 63335.23 | C101: 392939.48 | D101: =D44 -> 1958220.3 | E101: =+IFERROR(D101/C101,"----") -> 4.9835162 | F101: 4392.9 | G101: 299526.98 | H101: =H44 -> 500296.05 | I101: =+IFERROR(H101/G101,"----") -> 1.6702871 | J101: 28868.65 | K101: 201693.31 | L101: =L44 -> 371313.25 | M101: =+IFERROR(L101/K101,"----") -> 1.8409795 | N101: 13110 | O101: 269523.15 | P101: =P44 -> 234340.25 | Q101: =+IFERROR(P101/O101,"----") -> 0.86946242 | R101: 138704.95 | S101: 355652.9 | T101: =T44 -> 167648.2 | U101: =+IFERROR(T101/S101,"----") -> 0.47138151 | V101: 262132.3 | W101: 42696.05 | X101: =X44 -> 255890 | Y101: =+IFERROR(X101/W101,"----") -> 5.9932945 | AA101: other (บีฟบราเทอร์,เดอะพีเคแอลเจ,อังคณา,โตโยต้าทูโช่,โดโบกุ,เดอะฟู๊ดเวิร์ค,สุภัทรีย์) | AB101: 127342.3 | AC101: 370840.02 | AD101: =AD44 -> 135000 | AE101: =+IFERROR(AD101/AC101,"----") -> 0.36403838 | AF101: 203347.04 | AG101: 341781.78 | AH101: =AH44 -> 206000.35 | AI101: =+IFERROR(AH101/AG101,"----") -> 0.60272479 | AJ101: 318459.07 | AK101: 587683.53 | AL101: =AL44 -> 1977840.5 | AM101: =+IFERROR(AL101/AK101,"----") -> 3.3654857 | AN101: 22298 | AO101: 579295.89 | AP101: =AP44 -> 0 | AQ101: =+IFERROR(AP101/AO101,"----") -> 0 | AR101: 479204.05 | AS101: 58387.4 | AT101: =AT44 -> 0 | AU101: =+IFERROR(AT101/AS101,"----") -> 0 | AV101: 1328287 | AW101: 1760067.9 | AX101: =AX44 -> 0 | AY101: =+IFERROR(AX101/AW101,"----") -> 0 | AZ101: =B101+F101+J101+N101+R101+V101+AB101+AF101+AJ101+AN101+AR101+AV101 -> 2989481.5 | BA101: =C101+G101+K101+O101+S101+W101+AC101+AG101+AK101+AO101+AS101+AW101 -> 5260088.3 | BB101: =D101+H101+L101+P101+T101+X101+AD101+AH101+AL101+AP101+AT101+AX101 -> 5806548.9 | BC101: 0
A102: Agency ในเครือ (กิติ์,ฟู๊ดเฮฟเว่น,ขันเนื้อ,nikuya,บีฟแคทอรี่) | B102: 603189.49 | C102: 495315.83 | D102: =D45 -> 606196.19 | E102: =+IFERROR(D102/C102,"----") -> 1.2238579 | F102: 705759.54 | G102: 395471.77 | H102: =H45 -> 719115.23 | I102: =+IFERROR(H102/G102,"----") -> 1.8183731 | J102: 332425.77 | K102: 338835.32 | L102: =L45 -> 870534.71 | M102: =+IFERROR(L102/K102,"----") -> 2.5691971 | N102: 411565.79 | O102: 421790.7 | P102: =P45 -> 620733.07 | Q102: =+IFERROR(P102/O102,"----") -> 1.4716613 | R102: 442179.79 | S102: 302613.7 | T102: =T45 -> 625892.77 | U102: =+IFERROR(T102/S102,"----") -> 2.0682896 | V102: 402882.74 | W102: 414795.43 | X102: =X45 -> 1125691.5 | Y102: =+IFERROR(X102/W102,"----") -> 2.7138474 | AA102: Agency ในเครือ (กิติ์,ฟู๊ดเฮฟเว่น,ขันเนื้อ,nikuya,บีฟแคทอรี่) | AB102: 407244.82 | AC102: 446063.34 | AD102: =AD45 -> 1007678.6 | AE102: =+IFERROR(AD102/AC102,"----") -> 2.2590482 | AF102: 467089.31 | AG102: 393259.36 | AH102: =AH45 -> 750641.16 | AI102: =+IFERROR(AH102/AG102,"----") -> 1.9087687 | AJ102: 433638.23 | AK102: 369554.02 | AL102: =AL45 -> 697154.96 | AM102: =+IFERROR(AL102/AK102,"----") -> 1.8864765 | AN102: 444097.73 | AO102: 361250.38 | AP102: =AP45 -> 0 | AQ102: =+IFERROR(AP102/AO102,"----") -> 0 | AR102: 416512.1 | AS102: 544353.66 | AT102: =AT45 -> 0 | AU102: =+IFERROR(AT102/AS102,"----") -> 0 | AV102: 522073.89 | AW102: 778719.46 | AX102: =AX45 -> 0 | AY102: =+IFERROR(AX102/AW102,"----") -> 0 | AZ102: =B102+F102+J102+N102+R102+V102+AB102+AF102+AJ102+AN102+AR102+AV102 -> 5588659.2 | BA102: =C102+G102+K102+O102+S102+W102+AC102+AG102+AK102+AO102+AS102+AW102 -> 5262023 | BB102: =D102+H102+L102+P102+T102+X102+AD102+AH102+AL102+AP102+AT102+AX102 -> 7023638.2 | BC102: 0
A103: Restaurant | B103: 0 | C103: 0 | D103: =D46 -> 0 | E103: =+IFERROR(D103/C103,"----") -> ---- | F103: 0 | G103: 0 | H103: =H46 -> 0 | I103: =+IFERROR(H103/G103,"----") -> ---- | J103: 0 | K103: 0 | L103: =L46 -> 0 | M103: =+IFERROR(L103/K103,"----") -> ---- | N103: 0 | O103: 0 | P103: =P46 -> 0 | Q103: =+IFERROR(P103/O103,"----") -> ---- | R103: 0 | S103: 0 | T103: =T46 -> 0 | U103: =+IFERROR(T103/S103,"----") -> ---- | V103: 0 | W103: 0 | X103: =X46 -> 0 | Y103: =+IFERROR(X103/W103,"----") -> ---- | AA103: Restaurant | AB103: 0 | AC103: 0 | AD103: =AD46 -> 0 | AE103: =+IFERROR(AD103/AC103,"----") -> ---- | AF103: 0 | AG103: 0 | AH103: =AH46 -> 0 | AI103: =+IFERROR(AH103/AG103,"----") -> ---- | AJ103: 0 | AK103: 0 | AL103: =AL46 -> 0 | AM103: =+IFERROR(AL103/AK103,"----") -> ---- | AN103: 0 | AO103: 0 | AP103: =AP46 -> 0 | AQ103: =+IFERROR(AP103/AO103,"----") -> ---- | AR103: 0 | AS103: 0 | AT103: =AT46 -> 0 | AU103: =+IFERROR(AT103/AS103,"----") -> ---- | AW103: 0 | AX103: =AX46 -> 0 | AY103: =+IFERROR(AX103/AW103,"----") -> ---- | AZ103: =B103+F103+J103+N103+R103+V103+AB103+AF103+AJ103+AN103+AR103+AV103 -> 0 | BA103: =C103+G103+K103+O103+S103+W103+AC103+AG103+AK103+AO103+AS103+AW103 -> 0 | BB103: =D103+H103+L103+P103+T103+X103+AD103+AH103+AL103+AP103+AT103+AX103 -> 0 | BC103: 0
...

Sheet Sheet1
G10: 747007.7
G11: 648042.75
G13: =G10-G11 -> 98964.95
G17: 10090570
G19: 10091492
G23: =G17-G19 -> -922.17

Sheet Graph
B1: Jan | C1: Feb | D1: Mar | E1: Apr | F1: May | G1: Jun | H1: Jul | I1: Aug | J1: Sep | K1: Oct | L1: Nov | M1: Dec
A2: คาดการณ์ เป้าขาย | B2: ='Sales budget performance manage'!B58 -> 15640000 | C2: ='Sales budget performance manage'!F58 -> 25990000 | D2: ='Sales budget performance manage'!J58 -> 25180000 | E2: ='Sales budget performance manage'!N58 -> 25180000 | F2: ='Sales budget performance manage'!R58 -> 25600000 | G2: ='Sales budget performance manage'!V58 -> 25400000 | H2: ='Sales budget performance manage'!AB58 -> 25500000 | I2: ='Sales budget performance manage'!AF58 -> 13500000 | J2: ='Sales budget performance manage'!AJ58 -> 25500000 | K2: ='Sales budget performance manage'!AN58 -> 13500000 | L2: ='Sales budget performance manage'!AR58 -> 13500000 | M2: ='Sales budget performance manage'!AV58 -> 13500000
A3: เป้าขาย | B3: ='Sales budget performance manage'!C58 -> 12130440 | C3: ='Sales budget performance manage'!G58 -> 10090570 | D3: ='Sales budget performance manage'!K58 -> 13632078 | E3: ='Sales budget performance manage'!O58 -> 11152309 | F3: ='Sales budget performance manage'!S58 -> 10607223 | G3: ='Sales budget performance manage'!W58 -> 10052977 | H3: ='Sales budget performance manage'!AC58 -> 14612261 | I3: ='Sales budget performance manage'!AG58 -> 14276665 | J3: ='Sales budget performance manage'!AK58 -> 18239860 | K3: ='Sales budget performance manage'!AO58 -> 14980000 | L3: ='Sales budget performance manage'!AS58 -> 16680000 | M3: ='Sales budget performance manage'!AW58 -> 18380000
A4: ทำได้จริง | B4: ='Sales budget performance manage'!D58 -> 12061304 | C4: ='Sales budget performance manage'!H58 -> 10090570 | D4: ='Sales budget performance manage'!L58 -> 13632078 | E4: ='Sales budget performance manage'!P58 -> 11190029 | F4: ='Sales budget performance manage'!T58 -> 10389285 | G4: ='Sales budget performance manage'!X58 -> 9942527.6 | H4: ='Sales budget performance manage'!AD58 -> 14480069 | I4: ='Sales budget performance manage'!AH58 -> 14377580 | J4: ='Sales budget performance manage'!AL58 -> 11810488 | K4: ='Sales budget performance manage'!AP58 -> 0 | L4: ='Sales budget performance manage'!AT58 -> 0 | M4: =[1]ตามลูกค้า!H6 -> 0
B6: Jan | C6: Feb | D6: Mar | E6: Apr | F6: May | G6: Jun | H6: Jul | I6: Aug | J6: Sep | K6: Oct | L6: Nov | M6: Dec
A7: 2022 | B7: ='Sales budget performance manage'!B115 -> 13199305 | C7: ='Sales budget performance manage'!F115 -> 9795300 | D7: ='Sales budget performance manage'!J115 -> 11183394 | E7: ='Sales budget performance manage'!N115 -> 9996674.9 | F7: ='Sales budget performance manage'!R115 -> 9303906 | G7: ='Sales budget performance manage'!V115 -> 7200000 | H7: ='Sales budget performance manage'!AB115 -> 8709838.8 | I7: ='Sales budget performance manage'!AF115 -> 8628338.1 | J7: ='Sales budget performance manage'!AJ115 -> 6950153.6 | K7: ='Sales budget performance manage'!AN115 -> 9542319.5 | L7: ='Sales budget performance manage'!AR115 -> 10043060 | M7: ='Sales budget performance manage'!AV115 -> 15019156
A8: 2023 | B8: ='Sales budget performance manage'!C115 -> 14495240 | C8: ='Sales budget performance manage'!G115 -> 11085876 | D8: ='Sales budget performance manage'!K115 -> 9097799 | E8: ='Sales budget performance manage'!O115 -> 7373087.6 | F8: ='Sales budget performance manage'!S115 -> 8248722.8 | G8: ='Sales budget performance manage'!W115 -> 7040987.8 | H8: ='Sales budget performance manage'!AC115 -> 9345568.5 | I8: ='Sales budget performance manage'!AG115 -> 9678161.9 | J8: ='Sales budget performance manage'!AK115 -> 8277601.9 | K8: ='Sales budget performance manage'!AO115 -> 9496855.2 | L8: ='Sales budget performance manage'!AS115 -> 9838693 | M8: ='Sales budget performance manage'!AW115 -> 15341310
A9: 2024 | B9: ='Sales budget performance manage'!D115 -> 12061304 | C9: ='Sales budget performance manage'!H115 -> 10090570 | D9: ='Sales budget performance manage'!L115 -> 12984035 | E9: ='Sales budget performance manage'!P115 -> 11190029 | F9: ='Sales budget performance manage'!T115 -> 10259657 | G9: ='Sales budget performance manage'!X115 -> 9942527.6 | H9: ='Sales budget performance manage'!AD115 -> 14480069 | I9: ='Sales budget performance manage'!AH115 -> 14377580 | J9: ='Sales budget performance manage'!AL115 -> 11810488 | K9: ='Sales budget performance manage'!AP115 -> 0 | L9: ='Sales budget performance manage'!AT115 -> 0 | M9: ='Sales budget performance manage'!AX115 -> 0
